院校,科类,批次,专业组,专业组概括,26计划,26预估位次,按位次折算分,旧同校最低组兜底分,分差,备注
国防科技大学,历史,提前本科批,国防科技大学01,文史语言新闻组,4,5253,601,634,-33,旧逻辑可能被同校最低组污染；新逻辑使用当前行26预估位次
国防科技大学,历史,提前本科批,国防科技大学02,文史语言新闻组,1,2809,615,634,-19,旧逻辑可能被同校最低组污染；新逻辑使用当前行26预估位次
国防科技大学,物理,提前本科批,国防科技大学10,法政公安组,2,20035,617,640,-23,旧逻辑可能被同校最低组污染；新逻辑使用当前行26预估位次
陆军工程大学,物理,提前本科批,陆军工程大学08,电气能源组,1,17029,622,607,15,旧逻辑可能被同校最低组污染；新逻辑使用当前行26预估位次
陆军步兵学院,历史,提前本科批,陆军步兵学院01,文史语言新闻组,2,14821,570,612,-42,旧逻辑可能被同校最低组污染；新逻辑使用当前行26预估位次
陆军兵种大学,物理,提前本科批,陆军兵种大学04,作战指挥,1,11000,633,594,39,旧逻辑可能被同校最低组污染；新逻辑使用当前行26预估位次
陆军兵种大学,物理,提前本科批,陆军兵种大学05,无人系统指挥与控制,1,11000,633,594,39,旧逻辑可能被同校最低组污染；新逻辑使用当前行26预估位次
联勤保障部队工程大学,物理,提前本科批,联勤保障部队工程大学05,军事能源工程,1,12830,629,607,22,旧逻辑可能被同校最低组污染；新逻辑使用当前行26预估位次
海军工程大学,物理,提前本科批,海军工程大学07,信息对抗技术,1,11249,632,616,16,旧逻辑可能被同校最低组污染；新逻辑使用当前行26预估位次
海军航空大学,物理,提前本科批,海军航空大学02,航空管制,2,13153,628,612,16,旧逻辑可能被同校最低组污染；新逻辑使用当前行26预估位次
武警工程大学,物理,提前本科批,武警工程大学05,计算机组,1,21044,616,598,18,旧逻辑可能被同校最低组污染；新逻辑使用当前行26预估位次
中国人民公安大学,历史,提前本科批,中国人民公安大学03,法政公安组,1,310,646,624,22,旧逻辑可能被同校最低组污染；新逻辑使用当前行26预估位次
中国人民公安大学,物理,提前本科批,中国人民公安大学07,法政公安组,1,5050,647,623,24,旧逻辑可能被同校最低组污染；新逻辑使用当前行26预估位次
郑州警察学院,历史,提前本科批,郑州警察学院02,法政公安组,1,2811,615,569,46,旧逻辑可能被同校最低组污染；新逻辑使用当前行26预估位次
郑州警察学院,历史,提前本科批,郑州警察学院04,法政公安组,2,2811,615,569,46,旧逻辑可能被同校最低组污染；新逻辑使用当前行26预估位次
郑州警察学院,物理,提前本科批,郑州警察学院07,法政公安组,17,26634,609,575,34,旧逻辑可能被同校最低组污染；新逻辑使用当前行26预估位次
郑州警察学院,物理,提前本科批,郑州警察学院08,法政公安组,3,12815,629,575,54,旧逻辑可能被同校最低组污染；新逻辑使用当前行26预估位次
郑州警察学院,物理,提前本科批,郑州警察学院10,法政公安组,1,28337,607,575,32,旧逻辑可能被同校最低组污染；新逻辑使用当前行26预估位次
郑州警察学院,物理,提前本科批,郑州警察学院12,法政公安组,2,28337,607,575,32,旧逻辑可能被同校最低组污染；新逻辑使用当前行26预估位次
南京警察学院,物理,提前本科批,南京警察学院06,法政公安组,2,5543,645,579,66,旧逻辑可能被同校最低组污染；新逻辑使用当前行26预估位次
南京警察学院,物理,提前本科批,南京警察学院09,法政公安组,5,39387,594,579,15,旧逻辑可能被同校最低组污染；新逻辑使用当前行26预估位次
中央司法警官学院,历史,提前本科批,中央司法警官学院01,法政公安组,2,18483,562,589,-27,旧逻辑可能被同校最低组污染；新逻辑使用当前行26预估位次
中央司法警官学院,历史,提前本科批,中央司法警官学院02,法政公安组,2,11624,579,589,-10,旧逻辑可能被同校最低组污染；新逻辑使用当前行26预估位次
中央司法警官学院,物理,提前本科批,中央司法警官学院08,法政公安组,2,22798,614,581,33,旧逻辑可能被同校最低组污染；新逻辑使用当前行26预估位次
南京大学,物理,本科批,南京大学09,计算机组,2,1443,663,645,18,旧逻辑可能被同校最低组污染；新逻辑使用当前行26预估位次
南京大学,物理,本科批,南京大学12,生物食品环境、地理建筑复合组,3,1710,661,645,16,旧逻辑可能被同校最低组污染；新逻辑使用当前行26预估位次
东南大学,物理,本科批,东南大学10,电子信息组,1,2525,656,644,12,旧逻辑可能被同校最低组污染；新逻辑使用当前行26预估位次
南京师范大学,历史,提前本科批,南京师范大学05,地理建筑组,3,4818,603,591,12,旧逻辑可能被同校最低组污染；新逻辑使用当前行26预估位次
南京师范大学,历史,本科批,南京师范大学06,法政公安组,40,2014,621,574,47,旧逻辑可能被同校最低组污染；新逻辑使用当前行26预估位次
南京师范大学,物理,本科批,南京师范大学19,法政公安组,20,18875,619,565,54,旧逻辑可能被同校最低组污染；新逻辑使用当前行26预估位次
南京师范大学,物理,本科批,南京师范大学20,计算机组,20,15726,624,565,59,旧逻辑可能被同校最低组污染；新逻辑使用当前行26预估位次
南京医科大学,物理,本科批,南京医科大学10,生物食品环境组,40,42275,591,561,30,旧逻辑可能被同校最低组污染；新逻辑使用当前行26预估位次
南京财经大学,物理,本科批,南京财经大学14,中外合作：审计学、物流管理、数字经济,194,79720,559,540,19,旧逻辑可能被同校最低组污染；新逻辑使用当前行26预估位次
南京审计大学,历史,本科批,南京审计大学01,计算机组,15,25836,544,560,-16,旧逻辑可能被同校最低组污染；新逻辑使用当前行26预估位次
南京审计大学,历史,本科批,南京审计大学08,中外合作：金融审计,15,11808,578,560,18,旧逻辑可能被同校最低组污染；新逻辑使用当前行26预估位次
南京审计大学,物理,本科批,南京审计大学09,计算机组,25,94145,548,530,18,旧逻辑可能被同校最低组污染；新逻辑使用当前行26预估位次
南京审计大学,物理,本科批,南京审计大学17,中外合作：金融审计,15,68150,568,530,38,旧逻辑可能被同校最低组污染；新逻辑使用当前行26预估位次
金陵科技学院,物理,本科批,金陵科技学院10,中外合作：机器人工程、智能制造工程、自动化、电气工程及其自动化,200,131360,522,463,59,旧逻辑可能被同校最低组污染；新逻辑使用当前行26预估位次
江苏第二师范学院,物理,本科批,江苏第二师范学院13,中外合作：电子信息工程,75,165541,497,483,14,旧逻辑可能被同校最低组污染；新逻辑使用当前行26预估位次
江苏第二师范学院,物理,本科批,江苏第二师范学院14,中外合作：计算机科学与技术,70,165541,497,483,14,旧逻辑可能被同校最低组污染；新逻辑使用当前行26预估位次
江南大学,物理,本科批,江南大学21,生物食品环境组,2,27755,607,587,20,旧逻辑可能被同校最低组污染；新逻辑使用当前行26预估位次
江苏师范大学,历史,本科批,江苏师范大学02,文史语言新闻组,15,11228,580,562,18,旧逻辑可能被同校最低组污染；新逻辑使用当前行26预估位次
江苏师范大学,物理,本科批,江苏师范大学22,数学物理组,35,62849,572,522,50,旧逻辑可能被同校最低组污染；新逻辑使用当前行26预估位次
常州大学,物理,本科批,常州大学08,计算机、电子信息复合组,60,67227,569,516,53,旧逻辑可能被同校最低组污染；新逻辑使用当前行26预估位次
常州大学,物理,本科批,常州大学11,化学材料组,15,83924,556,516,40,旧逻辑可能被同校最低组污染；新逻辑使用当前行26预估位次
常州大学,物理,本科批,常州大学19,中外合作：法学,15,92184,550,516,34,旧逻辑可能被同校最低组污染；新逻辑使用当前行26预估位次
常州大学,物理,本科批,常州大学20,中外合作：能源化学工程、金属材料工程、软件工程、自动化,240,111987,535,516,19,旧逻辑可能被同校最低组污染；新逻辑使用当前行26预估位次
江苏理工学院,历史,本科批,江苏理工学院08,中外合作：会计学,10,51212,492,537,-45,旧逻辑可能被同校最低组污染；新逻辑使用当前行26预估位次
江苏理工学院,物理,本科批,江苏理工学院17,中外合作：会计学,15,179584,486,464,22,旧逻辑可能被同校最低组污染；新逻辑使用当前行26预估位次
江苏理工学院,物理,本科批,江苏理工学院33,中外合作：计算机科学与技术,25,138452,517,464,53,旧逻辑可能被同校最低组污染；新逻辑使用当前行26预估位次
苏州大学,历史,本科批,苏州大学18,地理建筑组,9,3689,609,596,13,旧逻辑可能被同校最低组污染；新逻辑使用当前行26预估位次
南通大学,物理,本科批,南通大学13,中外合作：经济与金融,10,133712,520,479,41,旧逻辑可能被同校最低组污染；新逻辑使用当前行26预估位次
南通大学,物理,本科批,南通大学30,中外合作：计算机科学与技术,90,108457,538,479,59,旧逻辑可能被同校最低组污染；新逻辑使用当前行26预估位次
江苏海洋大学,物理,本科批,江苏海洋大学09,计算机组,40,86369,554,512,42,旧逻辑可能被同校最低组污染；新逻辑使用当前行26预估位次
盐城师范学院,物理,本科批,盐城师范学院10,中外合作：计算机科学与技术、软件工程、电气工程及其自动化,220,183205,483,504,-21,旧逻辑可能被同校最低组污染；新逻辑使用当前行26预估位次
扬州大学,物理,本科批,扬州大学36,经管组,30,62750,573,511,62,旧逻辑可能被同校最低组污染；新逻辑使用当前行26预估位次
扬州大学,物理,本科批,扬州大学43,机械土木组,30,54154,580,511,69,旧逻辑可能被同校最低组污染；新逻辑使用当前行26预估位次
扬州大学,物理,本科批,扬州大学44,智慧牧业科学与工程,25,77655,561,511,50,旧逻辑可能被同校最低组污染；新逻辑使用当前行26预估位次
扬州大学,物理,本科批,扬州大学46,生物食品环境组,51,70815,566,511,55,旧逻辑可能被同校最低组污染；新逻辑使用当前行26预估位次
扬州大学,物理,本科批,扬州大学67,电子信息组,30,45683,588,511,77,旧逻辑可能被同校最低组污染；新逻辑使用当前行26预估位次
扬州大学,物理,本科批,扬州大学69,生物食品环境组,40,77655,561,511,50,旧逻辑可能被同校最低组污染；新逻辑使用当前行26预估位次
扬州大学,物理,本科批,扬州大学70,生物食品环境组,20,79630,559,511,48,旧逻辑可能被同校最低组污染；新逻辑使用当前行26预估位次
扬州大学,物理,本科批,扬州大学71,化学材料组,17,59569,575,511,64,旧逻辑可能被同校最低组污染；新逻辑使用当前行26预估位次
扬州大学,物理,本科批,扬州大学74,生物食品环境组,20,74132,563,511,52,旧逻辑可能被同校最低组污染；新逻辑使用当前行26预估位次
扬州大学,物理,本科批,扬州大学75,化学材料组,24,61369,574,511,63,旧逻辑可能被同校最低组污染；新逻辑使用当前行26预估位次
扬州大学,物理,本科批,扬州大学76,机械土木组,30,69507,567,511,56,旧逻辑可能被同校最低组污染；新逻辑使用当前行26预估位次
江苏大学,物理,本科批,江苏大学16,计算机组,30,38561,595,512,83,旧逻辑可能被同校最低组污染；新逻辑使用当前行26预估位次
泰州学院,物理,本科批,泰州学院06,中外合作：计算机科学与技术,10,183205,483,473,10,旧逻辑可能被同校最低组污染；新逻辑使用当前行26预估位次
南京审计大学金审学院,历史,本科批,南京审计大学金审学院02,中外合作：审计学、养老服务管理,75,51212,492,525,-33,旧逻辑可能被同校最低组污染；新逻辑使用当前行26预估位次
南京审计大学金审学院,物理,本科批,南京审计大学金审学院04,中外合作：审计学、养老服务管理,64,187738,479,500,-21,旧逻辑可能被同校最低组污染；新逻辑使用当前行26预估位次
苏州大学应用技术学院,物理,本科批,苏州大学应用技术学院08,中外合作：物联网工程,80,153568,506,491,15,旧逻辑可能被同校最低组污染；新逻辑使用当前行26预估位次
南京传媒学院,历史,本科批,南京传媒学院02,中外合作：网络与新媒体,15,44936,505,491,14,旧逻辑可能被同校最低组污染；新逻辑使用当前行26预估位次
南京传媒学院,物理,本科批,南京传媒学院04,中外合作：网络与新媒体,40,176817,488,470,18,旧逻辑可能被同校最低组污染；新逻辑使用当前行26预估位次
南京传媒学院,物理,本科批,南京传媒学院06,中外合作：数字媒体技术,90,169863,494,470,24,旧逻辑可能被同校最低组污染；新逻辑使用当前行26预估位次
上海中医药大学,物理,本科批,上海中医药大学02,生物食品环境组,6,19304,619,591,28,旧逻辑可能被同校最低组污染；新逻辑使用当前行26预估位次
上海中医药大学,物理,本科批,上海中医药大学05,医学组,2,19304,619,591,28,旧逻辑可能被同校最低组污染；新逻辑使用当前行26预估位次
上海体育大学,物理,本科批,上海体育大学04,中外合作：运动人体科学,2,144348,512,593,-81,旧逻辑可能被同校最低组污染；新逻辑使用当前行26预估位次
上海健康医学院,物理,本科批,上海健康医学院07,中外合作：康复物理治疗、数据科学与大数据技术,10,144126,512,541,-29,旧逻辑可能被同校最低组污染；新逻辑使用当前行26预估位次
上海交通大学医学院,物理,本科批,上海交通大学医学院04,生物食品环境组,5,161,680,668,12,旧逻辑可能被同校最低组污染；新逻辑使用当前行26预估位次
中国计量大学,物理,本科批,中国计量大学04,中外合作：自动化、机械设计制造及其自动化、人工智能,10,74180,563,591,-28,旧逻辑可能被同校最低组污染；新逻辑使用当前行26预估位次
浙江理工大学,物理,本科批,浙江理工大学03,中外合作：服装设计与工程,5,54494,580,570,10,旧逻辑可能被同校最低组污染；新逻辑使用当前行26预估位次
浙江工业大学,物理,本科批,浙江工业大学04,中外合作：能源与环境系统工程、数据科学与大数据技术、数字媒体技术,15,54494,580,596,-16,旧逻辑可能被同校最低组污染；新逻辑使用当前行26预估位次
杭州电子科技大学,物理,本科批,杭州电子科技大学05,中外合作：人工智能、电子信息工程、集成电路设计与集成系统,10,25950,609,585,24,旧逻辑可能被同校最低组污染；新逻辑使用当前行26预估位次
杭州师范大学,物理,本科批,杭州师范大学01,经管、教育心理复合组,6,37468,596,550,46,旧逻辑可能被同校最低组污染；新逻辑使用当前行26预估位次
杭州师范大学,物理,本科批,杭州师范大学02,经管、教育心理复合组,5,61707,573,550,23,旧逻辑可能被同校最低组污染；新逻辑使用当前行26预估位次
浙江传媒学院,物理,本科批,浙江传媒学院07,中外合作：数字媒体技术,4,85353,555,534,21,旧逻辑可能被同校最低组污染；新逻辑使用当前行26预估位次
浙江中医药大学,物理,本科批,浙江中医药大学06,中外合作：生物科学,1,113740,534,559,-25,旧逻辑可能被同校最低组污染；新逻辑使用当前行26预估位次
丽水学院,物理,本科批,丽水学院03,经管组,2,117779,531,520,11,旧逻辑可能被同校最低组污染；新逻辑使用当前行26预估位次
丽水学院,物理,本科批,丽水学院05,中外合作：护理学,5,163173,499,520,-21,旧逻辑可能被同校最低组污染；新逻辑使用当前行26预估位次
合肥大学,历史,本科批,合肥大学01,中外合作：物流管理,2,40446,514,558,-44,旧逻辑可能被同校最低组污染；新逻辑使用当前行26预估位次
合肥大学,物理,本科批,合肥大学04,中外合作：信息与计算科学、车辆工程,4,148937,509,553,-44,旧逻辑可能被同校最低组污染；新逻辑使用当前行26预估位次
黄山学院,历史,本科批,黄山学院02,艺术体育组,10,35105,525,505,20,旧逻辑可能被同校最低组污染；新逻辑使用当前行26预估位次
合肥工业大学(宣城校区),物理,本科批,合肥工业大学(宣城校区)03,经管组,8,27880,607,618,-11,旧逻辑可能被同校最低组污染；新逻辑使用当前行26预估位次
龙岩学院,物理,本科批,龙岩学院03,中外合作：材料科学与工程,2,176164,489,503,-14,旧逻辑可能被同校最低组污染；新逻辑使用当前行26预估位次
闽江大学,物理,本科批,闽江大学03,计算机、自动化复合组,5,103594,541,529,12,旧逻辑可能被同校最低组污染；新逻辑使用当前行26预估位次
华东交通大学,物理,本科批,华东交通大学08,中外合作：电气工程及其自动化,2,98743,545,530,15,旧逻辑可能被同校最低组污染；新逻辑使用当前行26预估位次
南昌大学,物理,本科批,南昌大学07,中外合作：计算机科学与技术、软件工程,7,26678,609,598,11,旧逻辑可能被同校最低组污染；新逻辑使用当前行26预估位次
南昌大学,物理,本科批,南昌大学08,中外合作：数据科学与大数据技术,3,26678,609,598,11,旧逻辑可能被同校最低组污染；新逻辑使用当前行26预估位次
南昌大学,物理,本科批,南昌大学09,中外合作：医学检验技术,3,26678,609,598,11,旧逻辑可能被同校最低组污染；新逻辑使用当前行26预估位次
南昌航空大学,物理,本科批,南昌航空大学08,中外合作：软件工程,2,95530,547,557,-10,旧逻辑可能被同校最低组污染；新逻辑使用当前行26预估位次
南昌航空大学,物理,本科批,南昌航空大学09,计算机组,2,62880,572,557,15,旧逻辑可能被同校最低组污染；新逻辑使用当前行26预估位次
江西科技师范大学,物理,本科批,江西科技师范大学03,计算机组,2,106218,539,511,28,旧逻辑可能被同校最低组污染；新逻辑使用当前行26预估位次
江西师范大学,历史,本科批,江西师范大学04,文史语言新闻组,1,15921,567,553,14,旧逻辑可能被同校最低组污染；新逻辑使用当前行26预估位次
江西师范大学,物理,本科批,江西师范大学12,中外合作：计算机科学与技术、人工智能,9,76508,561,541,20,旧逻辑可能被同校最低组污染；新逻辑使用当前行26预估位次
江西师范大学,物理,本科批,江西师范大学13,电子信息组,1,72243,565,541,24,旧逻辑可能被同校最低组污染；新逻辑使用当前行26预估位次
江西师范大学,物理,本科批,江西师范大学14,计算机组,1,72243,565,541,24,旧逻辑可能被同校最低组污染；新逻辑使用当前行26预估位次
江西师范大学,物理,本科批,江西师范大学17,中外合作：数学与应用数学,3,117993,531,541,-10,旧逻辑可能被同校最低组污染；新逻辑使用当前行26预估位次
江西理工大学,物理,本科批,江西理工大学04,中外合作：智能制造工程、材料科学与工程、人工智能、环境工程,20,82192,557,533,24,旧逻辑可能被同校最低组污染；新逻辑使用当前行26预估位次
赣南师范大学,物理,本科批,赣南师范大学20,地理建筑组,3,89754,551,503,48,旧逻辑可能被同校最低组污染；新逻辑使用当前行26预估位次
东华理工大学,物理,本科批,东华理工大学02,中外合作：数学与应用数学、人工智能、自动化,6,97550,546,521,25,旧逻辑可能被同校最低组污染；新逻辑使用当前行26预估位次
宜春学院,物理,本科批,宜春学院06,计算机组,2,131362,522,503,19,旧逻辑可能被同校最低组污染；新逻辑使用当前行26预估位次
九江学院,物理,本科批,九江学院04,中外合作：数学与应用数学,3,179239,486,504,-18,旧逻辑可能被同校最低组污染；新逻辑使用当前行26预估位次
井冈山大学,物理,本科批,井冈山大学05,计算机、自动化复合组,6,113080,534,501,33,旧逻辑可能被同校最低组污染；新逻辑使用当前行26预估位次
山东中医药大学,物理,本科批,山东中医药大学02,中外合作：康复治疗学,1,144126,512,544,-32,旧逻辑可能被同校最低组污染；新逻辑使用当前行26预估位次
山东建筑大学,物理,本科批,山东建筑大学02,经管组,2,92335,549,514,35,旧逻辑可能被同校最低组污染；新逻辑使用当前行26预估位次
中国海洋大学,物理,提前本科批,中国海洋大学07,机械土木组,3,20336,617,633,-16,旧逻辑可能被同校最低组污染；新逻辑使用当前行26预估位次
中国海洋大学,物理,本科批,中国海洋大学16,计算机组,2,9900,635,622,13,旧逻辑可能被同校最低组污染；新逻辑使用当前行26预估位次
聊城大学,物理,本科批,聊城大学03,教育心理组,3,117321,531,466,65,旧逻辑可能被同校最低组污染；新逻辑使用当前行26预估位次
聊城大学,物理,本科批,聊城大学05,生物食品环境组,4,117321,531,466,65,旧逻辑可能被同校最低组污染；新逻辑使用当前行26预估位次
聊城大学,物理,本科批,聊城大学06,机械土木组,5,89959,551,466,85,旧逻辑可能被同校最低组污染；新逻辑使用当前行26预估位次
烟台大学,物理,本科批,烟台大学03,预科班,3,95482,547,526,21,旧逻辑可能被同校最低组污染；新逻辑使用当前行26预估位次
山东大学威海分校,历史,本科批,山东大学威海分校02,中外合作：国际经济与贸易、供应链管理,8,11688,579,620,-41,旧逻辑可能被同校最低组污染；新逻辑使用当前行26预估位次
山东大学威海分校,物理,本科批,山东大学威海分校04,中外合作：经济学、国际经济与贸易、供应链管理,8,20028,617,632,-15,旧逻辑可能被同校最低组污染；新逻辑使用当前行26预估位次
曲阜师范大学,物理,本科批,曲阜师范大学03,中外合作：生物科学、化学、新能源材料与器件、数学与应用数学,8,90194,551,540,11,旧逻辑可能被同校最低组污染；新逻辑使用当前行26预估位次
山东医药大学,物理,本科批,山东医药大学03,中外合作：康复治疗学,6,144126,512,582,-70,旧逻辑可能被同校最低组污染；新逻辑使用当前行26预估位次
山东第一医科大学,物理,本科批,山东第一医科大学03,教育心理组,2,56446,578,558,20,旧逻辑可能被同校最低组污染；新逻辑使用当前行26预估位次
山东第一医科大学,物理,本科批,山东第一医科大学05,生物食品环境组,2,56446,578,558,20,旧逻辑可能被同校最低组污染；新逻辑使用当前行26预估位次
山东第一医科大学,物理,本科批,山东第一医科大学09,健康与医疗保障,1,54120,580,558,22,旧逻辑可能被同校最低组污染；新逻辑使用当前行26预估位次
山东第一医科大学,物理,本科批,山东第一医科大学13,生物食品环境组,1,50117,584,558,26,旧逻辑可能被同校最低组污染；新逻辑使用当前行26预估位次
山东第一医科大学,物理,本科批,山东第一医科大学16,康复治疗学,1,54120,580,558,22,旧逻辑可能被同校最低组污染；新逻辑使用当前行26预估位次
山东第一医科大学,物理,本科批,山东第一医科大学20,医学组,2,50117,584,558,26,旧逻辑可能被同校最低组污染；新逻辑使用当前行26预估位次
山东女子学院,物理,本科批,山东女子学院03,中外合作：人工智能,2,202993,465,516,-51,旧逻辑可能被同校最低组污染；新逻辑使用当前行26预估位次
泰山学院,物理,本科批,泰山学院04,电子信息组,6,116555,532,509,23,旧逻辑可能被同校最低组污染；新逻辑使用当前行26预估位次
北京交通大学,物理,提前本科批,北京交通大学04,计算机组,2,8296,638,615,23,旧逻辑可能被同校最低组污染；新逻辑使用当前行26预估位次
北京交通大学,物理,本科批,北京交通大学08,自动化组,2,7276,641,630,11,旧逻辑可能被同校最低组污染；新逻辑使用当前行26预估位次
中国农业大学,物理,本科批,中国农业大学08,中外合作：人工智能、计算机科学与技术,18,13110,628,638,-10,旧逻辑可能被同校最低组污染；新逻辑使用当前行26预估位次
中国地质大学(北京),物理,本科批,中国地质大学(北京)04,中外合作：数字经济,9,49240,585,599,-14,旧逻辑可能被同校最低组污染；新逻辑使用当前行26预估位次
中国地质大学(北京),物理,本科批,中国地质大学(北京)05,中外合作：大数据管理与应用,9,49240,585,599,-14,旧逻辑可能被同校最低组污染；新逻辑使用当前行26预估位次
中国政法大学,物理,本科批,中国政法大学08,中外合作：国际商务,2,21736,615,632,-17,旧逻辑可能被同校最低组污染；新逻辑使用当前行26预估位次
北京外国语大学,物理,本科批,北京外国语大学09,中外合作：大数据管理与应用,6,29230,606,622,-16,旧逻辑可能被同校最低组污染；新逻辑使用当前行26预估位次
中国石油大学(北京),物理,本科批,中国石油大学(北京)03,中外合作：能源经济,3,38544,595,607,-12,旧逻辑可能被同校最低组污染；新逻辑使用当前行26预估位次
中央财经大学,物理,本科批,中央财经大学08,计算机组,2,6101,644,622,22,旧逻辑可能被同校最低组污染；新逻辑使用当前行26预估位次
中国传媒大学,物理,本科批,中国传媒大学08,艺术体育组,2,17001,622,593,29,旧逻辑可能被同校最低组污染；新逻辑使用当前行26预估位次
中央美术学院,历史,本科批,中央美术学院01,艺术体育组,2,4930,603,580,23,旧逻辑可能被同校最低组污染；新逻辑使用当前行26预估位次
华北电力大学(北京),物理,本科批,华北电力大学(北京)04,自动化组,2,7970,639,608,31,旧逻辑可能被同校最低组污染；新逻辑使用当前行26预估位次
北京物资学院,物理,本科批,北京物资学院03,中外合作：大数据管理与应用,2,104570,541,560,-19,旧逻辑可能被同校最低组污染；新逻辑使用当前行26预估位次
北京石油化工学院,物理,本科批,北京石油化工学院03,经管组,2,89408,552,540,12,旧逻辑可能被同校最低组污染；新逻辑使用当前行26预估位次
天津医科大学,物理,本科批,天津医科大学05,医学组,1,8761,637,599,38,旧逻辑可能被同校最低组污染；新逻辑使用当前行26预估位次
天津财经大学,物理,本科批,天津财经大学12,电子信息组,3,52681,581,560,21,旧逻辑可能被同校最低组污染；新逻辑使用当前行26预估位次
天津外国语大学,物理,本科批,天津外国语大学08,文史语言新闻组,2,90650,551,540,11,旧逻辑可能被同校最低组污染；新逻辑使用当前行26预估位次
河北科技大学,物理,本科批,河北科技大学04,中外合作：软件工程,4,115510,533,493,40,旧逻辑可能被同校最低组污染；新逻辑使用当前行26预估位次
河北科技大学,物理,本科批,河北科技大学05,中外合作：电子信息工程,2,115510,533,493,40,旧逻辑可能被同校最低组污染；新逻辑使用当前行26预估位次
华北电力大学(保定),物理,本科批,华北电力大学(保定)04,自动化组,2,9434,636,602,34,旧逻辑可能被同校最低组污染；新逻辑使用当前行26预估位次
河北大学,物理,本科批,河北大学05,生物食品环境组,5,80790,558,538,20,旧逻辑可能被同校最低组污染；新逻辑使用当前行26预估位次
河北金融学院,历史,本科批,河北金融学院01,文史语言新闻组,3,26118,544,525,19,旧逻辑可能被同校最低组污染；新逻辑使用当前行26预估位次
河北金融学院,物理,本科批,河北金融学院07,经管组,5,113015,535,514,21,旧逻辑可能被同校最低组污染；新逻辑使用当前行26预估位次
华北理工大学,物理,本科批,华北理工大学06,文史语言新闻组,3,94573,548,529,19,旧逻辑可能被同校最低组污染；新逻辑使用当前行26预估位次
邯郸学院,物理,本科批,邯郸学院02,经管组,6,141125,515,503,12,旧逻辑可能被同校最低组污染；新逻辑使用当前行26预估位次
太原理工大学,物理,本科批,太原理工大学07,计算机组,5,27225,608,594,14,旧逻辑可能被同校最低组污染；新逻辑使用当前行26预估位次
内蒙古农业大学,物理,本科批,内蒙古农业大学01,经管组,4,119056,530,514,16,旧逻辑可能被同校最低组污染；新逻辑使用当前行26预估位次
内蒙古医科大学,物理,本科批,内蒙古医科大学02,医学组,1,57835,577,524,53,旧逻辑可能被同校最低组污染；新逻辑使用当前行26预估位次
辽宁大学,历史,本科批,辽宁大学04,中外合作：金融学,3,9831,584,573,11,旧逻辑可能被同校最低组污染；新逻辑使用当前行26预估位次
沈阳化工大学,物理,本科批,沈阳化工大学04,中外合作：化学工程与工艺,2,132172,521,503,18,旧逻辑可能被同校最低组污染；新逻辑使用当前行26预估位次
沈阳工业大学,物理,本科批,沈阳工业大学05,计算机组,5,69876,567,535,32,旧逻辑可能被同校最低组污染；新逻辑使用当前行26预估位次
沈阳建筑大学,物理,本科批,沈阳建筑大学03,经管组,2,130716,522,466,56,旧逻辑可能被同校最低组污染；新逻辑使用当前行26预估位次
沈阳建筑大学,物理,本科批,沈阳建筑大学04,自动化、机械土木复合组,3,111367,536,466,70,旧逻辑可能被同校最低组污染；新逻辑使用当前行26预估位次
沈阳体育学院,物理,本科批,沈阳体育学院02,中外合作：体育经济与管理,3,174434,490,506,-16,旧逻辑可能被同校最低组污染；新逻辑使用当前行26预估位次
沈阳大学,物理,本科批,沈阳大学06,地理建筑组,2,98660,545,519,26,旧逻辑可能被同校最低组污染；新逻辑使用当前行26预估位次
沈阳工程学院,物理,本科批,沈阳工程学院02,中外合作：电气工程及其自动化,2,130226,522,561,-39,旧逻辑可能被同校最低组污染；新逻辑使用当前行26预估位次
辽宁师范大学,物理,本科批,辽宁师范大学04,中外合作：英语,2,119054,530,518,12,旧逻辑可能被同校最低组污染；新逻辑使用当前行26预估位次
辽宁师范大学,物理,本科批,辽宁师范大学05,中外合作：信息管理与信息系统,3,119054,530,518,12,旧逻辑可能被同校最低组污染；新逻辑使用当前行26预估位次
东北财经大学,物理,本科批,东北财经大学07,数学物理、计算机复合组,4,34817,599,585,14,旧逻辑可能被同校最低组污染；新逻辑使用当前行26预估位次
大连海洋大学,物理,本科批,大连海洋大学03,数学物理组,2,105174,540,528,12,旧逻辑可能被同校最低组污染；新逻辑使用当前行26预估位次
大连民族大学,物理,本科批,大连民族大学04,中外合作：生物工程,2,165696,497,553,-56,旧逻辑可能被同校最低组污染；新逻辑使用当前行26预估位次
大连理工大学(盘锦校区),物理,本科批,大连理工大学(盘锦校区)04,中外合作：计算机科学与技术、生物医学工程,16,23215,613,602,11,旧逻辑可能被同校最低组污染；新逻辑使用当前行26预估位次
辽宁石油化工大学,物理,本科批,辽宁石油化工大学02,中外合作：高分子材料与工程,5,143097,513,549,-36,旧逻辑可能被同校最低组污染；新逻辑使用当前行26预估位次
东北师范大学,历史,本科批,东北师范大学05,法政公安组,3,4008,608,569,39,旧逻辑可能被同校最低组污染；新逻辑使用当前行26预估位次
长春大学,历史,本科批,长春大学01,经管组,1,28996,538,502,36,旧逻辑可能被同校最低组污染；新逻辑使用当前行26预估位次
长春大学,历史,本科批,长春大学02,中外合作：特殊教育,3,37026,521,502,19,旧逻辑可能被同校最低组污染；新逻辑使用当前行26预估位次
长春大学,物理,本科批,长春大学09,中外合作：特殊教育,2,156874,503,483,20,旧逻辑可能被同校最低组污染；新逻辑使用当前行26预估位次
长春大学,物理,本科批,长春大学16,化学材料组,2,96728,546,483,63,旧逻辑可能被同校最低组污染；新逻辑使用当前行26预估位次
长春师范大学,物理,本科批,长春师范大学08,地理建筑组,2,111644,535,512,23,旧逻辑可能被同校最低组污染；新逻辑使用当前行26预估位次
长春理工大学,物理,本科批,长春理工大学06,电子信息组,1,50468,583,545,38,旧逻辑可能被同校最低组污染；新逻辑使用当前行26预估位次
长春工程学院,物理,本科批,长春工程学院03,预科班,1,135525,519,506,13,旧逻辑可能被同校最低组污染；新逻辑使用当前行26预估位次
吉林建筑大学,物理,本科批,吉林建筑大学06,中外合作：建筑环境与能源应用工程,8,148673,509,494,15,旧逻辑可能被同校最低组污染；新逻辑使用当前行26预估位次
吉林建筑大学,物理,本科批,吉林建筑大学07,中外合作：电气工程及其自动化,6,142033,514,494,20,旧逻辑可能被同校最低组污染；新逻辑使用当前行26预估位次
吉林工程技术师范学院,物理,本科批,吉林工程技术师范学院05,数学物理组,5,114477,533,485,48,旧逻辑可能被同校最低组污染；新逻辑使用当前行26预估位次
吉林农业科技学院,物理,本科批,吉林农业科技学院02,自动化、电气能源复合组,7,131133,522,511,11,旧逻辑可能被同校最低组污染；新逻辑使用当前行26预估位次
北华大学,物理,本科批,北华大学08,中外合作：通信工程,3,159450,501,515,-14,旧逻辑可能被同校最低组污染；新逻辑使用当前行26预估位次
白城师范学院,物理,本科批,白城师范学院04,文史语言新闻组,4,148000,510,481,29,旧逻辑可能被同校最低组污染；新逻辑使用当前行26预估位次
哈尔滨工程大学,物理,本科批,哈尔滨工程大学13,低空技术与工程,2,7929,639,575,64,旧逻辑可能被同校最低组污染；新逻辑使用当前行26预估位次
哈尔滨工程大学,物理,本科批,哈尔滨工程大学16,电子信息组,2,12977,629,575,54,旧逻辑可能被同校最低组污染；新逻辑使用当前行26预估位次
哈尔滨工程大学,物理,本科批,哈尔滨工程大学19,电气能源组,2,10384,634,575,59,旧逻辑可能被同校最低组污染；新逻辑使用当前行26预估位次
哈尔滨工程大学,物理,本科批,哈尔滨工程大学20,中外合作：工业设计,9,27092,608,575,33,旧逻辑可能被同校最低组污染；新逻辑使用当前行26预估位次
东北林业大学,物理,本科批,东北林业大学06,中外合作：计算机科学与技术,3,44045,590,577,13,旧逻辑可能被同校最低组污染；新逻辑使用当前行26预估位次
哈尔滨师范大学,物理,本科批,哈尔滨师范大学10,数学物理组,1,74583,563,521,42,旧逻辑可能被同校最低组污染；新逻辑使用当前行26预估位次
哈尔滨师范大学,物理,本科批,哈尔滨师范大学12,数学物理组,1,74583,563,521,42,旧逻辑可能被同校最低组污染；新逻辑使用当前行26预估位次
哈尔滨师范大学,物理,本科批,哈尔滨师范大学14,化学材料组,3,110862,536,521,15,旧逻辑可能被同校最低组污染；新逻辑使用当前行26预估位次
大庆师范学院,物理,本科批,大庆师范学院02,教育心理组,1,151757,507,497,10,旧逻辑可能被同校最低组污染；新逻辑使用当前行26预估位次
大庆师范学院,物理,本科批,大庆师范学院03,计算机组,2,151757,507,497,10,旧逻辑可能被同校最低组污染；新逻辑使用当前行26预估位次
大庆师范学院,物理,本科批,大庆师范学院05,中外合作：化学工程与工艺,9,202993,465,497,-32,旧逻辑可能被同校最低组污染；新逻辑使用当前行26预估位次
大庆师范学院,物理,本科批,大庆师范学院07,数学物理组,2,151757,507,497,10,旧逻辑可能被同校最低组污染；新逻辑使用当前行26预估位次
齐齐哈尔大学,物理,本科批,齐齐哈尔大学04,化学材料组,13,137341,517,500,17,旧逻辑可能被同校最低组污染；新逻辑使用当前行26预估位次
齐齐哈尔大学,物理,本科批,齐齐哈尔大学05,中外合作：高分子材料与工程、机械设计制造及其自动化、纺织工程,6,143097,513,500,13,旧逻辑可能被同校最低组污染；新逻辑使用当前行26预估位次
黑龙江八一农垦大学,物理,本科批,黑龙江八一农垦大学06,生物食品环境、自动化复合组,6,115799,533,500,33,旧逻辑可能被同校最低组污染；新逻辑使用当前行26预估位次
河南工业大学,物理,本科批,河南工业大学04,中外合作：空间信息与数字技术,1,103786,541,524,17,旧逻辑可能被同校最低组污染；新逻辑使用当前行26预估位次
河南农业大学,物理,本科批,河南农业大学05,生物食品环境组,2,60681,574,517,57,旧逻辑可能被同校最低组污染；新逻辑使用当前行26预估位次
信阳师范大学,物理,本科批,信阳师范大学02,计算机组,5,120768,529,507,22,旧逻辑可能被同校最低组污染；新逻辑使用当前行26预估位次
河南财经政法大学,历史,本科批,河南财经政法大学02,经管组,2,15621,568,582,-14,旧逻辑可能被同校最低组污染；新逻辑使用当前行26预估位次
河南财经政法大学,物理,本科批,河南财经政法大学05,经管组,2,68491,568,553,15,旧逻辑可能被同校最低组污染；新逻辑使用当前行26预估位次
河南财经政法大学,物理,本科批,河南财经政法大学06,经管组,2,64242,571,553,18,旧逻辑可能被同校最低组污染；新逻辑使用当前行26预估位次
河南财经政法大学,物理,本科批,河南财经政法大学07,计算机、数学物理复合组,6,64242,571,553,18,旧逻辑可能被同校最低组污染；新逻辑使用当前行26预估位次
河南科技大学,物理,本科批,河南科技大学09,计算机组,13,73128,564,531,33,旧逻辑可能被同校最低组污染；新逻辑使用当前行26预估位次
安阳师范学院,物理,本科批,安阳师范学院04,地理建筑组,4,139071,516,504,12,旧逻辑可能被同校最低组污染；新逻辑使用当前行26预估位次
南阳师范学院,历史,本科批,南阳师范学院04,法政公安组,2,33574,528,510,18,旧逻辑可能被同校最低组污染；新逻辑使用当前行26预估位次
河南城建学院,物理,本科批,河南城建学院02,地理建筑组,5,145754,511,500,11,旧逻辑可能被同校最低组污染；新逻辑使用当前行26预估位次
河南城建学院,物理,本科批,河南城建学院09,计算机组,5,145754,511,500,11,旧逻辑可能被同校最低组污染；新逻辑使用当前行26预估位次
商丘师范学院,物理,本科批,商丘师范学院05,地理建筑组,1,136633,518,503,15,旧逻辑可能被同校最低组污染；新逻辑使用当前行26预估位次
武汉大学,物理,本科批,武汉大学09,生物食品环境组,2,3721,651,625,26,旧逻辑可能被同校最低组污染；新逻辑使用当前行26预估位次
中国地质大学(武汉),物理,本科批,中国地质大学(武汉)04,中外合作：地下水科学与工程,3,55049,579,600,-21,旧逻辑可能被同校最低组污染；新逻辑使用当前行26预估位次
武汉理工大学,历史,本科批,武汉理工大学02,中外合作：金融学,4,5001,602,592,10,旧逻辑可能被同校最低组污染；新逻辑使用当前行26预估位次
武汉工程大学,物理,本科批,武汉工程大学03,中外合作：人工智能、数字媒体技术,4,95986,547,571,-24,旧逻辑可能被同校最低组污染；新逻辑使用当前行26预估位次
武汉科技大学,物理,本科批,武汉科技大学02,中外合作：信息与计算科学、统计学、机器人工程,10,67702,569,590,-21,旧逻辑可能被同校最低组污染；新逻辑使用当前行26预估位次
长江大学,物理,本科批,长江大学02,地理建筑组,1,81313,558,516,42,旧逻辑可能被同校最低组污染；新逻辑使用当前行26预估位次
长江大学,物理,本科批,长江大学04,石油工程,1,61728,573,516,57,旧逻辑可能被同校最低组污染；新逻辑使用当前行26预估位次
长江大学,物理,本科批,长江大学05,电子信息组,1,70430,566,516,50,旧逻辑可能被同校最低组污染；新逻辑使用当前行26预估位次
三峡大学,物理,本科批,三峡大学04,中外合作：电气工程及其自动化,8,38911,595,565,30,旧逻辑可能被同校最低组污染；新逻辑使用当前行26预估位次
湖北医药学院,物理,本科批,湖北医药学院02,中外合作：康复治疗学,2,144126,512,540,-28,旧逻辑可能被同校最低组污染；新逻辑使用当前行26预估位次
湖南大学,物理,本科批,湖南大学05,预科班,1,75080,563,632,-69,旧逻辑可能被同校最低组污染；新逻辑使用当前行26预估位次
中南大学,物理,本科批,中南大学07,自动化、计算机、生物食品环境复合组,6,8838,637,619,18,旧逻辑可能被同校最低组污染；新逻辑使用当前行26预估位次
中南大学,物理,本科批,中南大学09,中外合作：自动化,6,9326,636,619,17,旧逻辑可能被同校最低组污染；新逻辑使用当前行26预估位次
长沙理工大学,物理,本科批,长沙理工大学06,中外合作：软件工程,2,36189,598,541,57,旧逻辑可能被同校最低组污染；新逻辑使用当前行26预估位次
湖南科技大学,历史,本科批,湖南科技大学02,地理建筑组,2,12938,575,549,26,旧逻辑可能被同校最低组污染；新逻辑使用当前行26预估位次
中南林业科技大学,历史,本科批,中南林业科技大学02,中外合作：金融学、会计学,2,25595,545,557,-12,旧逻辑可能被同校最低组污染；新逻辑使用当前行26预估位次
中南林业科技大学,物理,本科批,中南林业科技大学04,中外合作：金融学、会计学,2,116555,532,497,35,旧逻辑可能被同校最低组污染；新逻辑使用当前行26预估位次
中南林业科技大学,物理,本科批,中南林业科技大学06,中外合作：电子信息工程、林学,2,115510,533,497,36,旧逻辑可能被同校最低组污染；新逻辑使用当前行26预估位次
湖南第一师范学院,物理,本科批,湖南第一师范学院02,经管、教育心理、文史语言新闻复合组,14,92079,550,527,23,旧逻辑可能被同校最低组污染；新逻辑使用当前行26预估位次
湖南城市学院,物理,本科批,湖南城市学院03,经管组,7,128112,524,502,22,旧逻辑可能被同校最低组污染；新逻辑使用当前行26预估位次
邵阳学院,物理,本科批,邵阳学院03,经管组,3,139125,516,486,30,旧逻辑可能被同校最低组污染；新逻辑使用当前行26预估位次
邵阳学院,物理,本科批,邵阳学院07,园林,4,143269,513,486,27,旧逻辑可能被同校最低组污染；新逻辑使用当前行26预估位次
湘南学院,物理,本科批,湘南学院02,医学组,2,99019,545,502,43,旧逻辑可能被同校最低组污染；新逻辑使用当前行26预估位次
怀化学院,物理,本科批,怀化学院03,经管组,3,148672,509,499,10,旧逻辑可能被同校最低组污染；新逻辑使用当前行26预估位次
哈尔滨工业大学(深圳),物理,本科批,哈尔滨工业大学(深圳)02,电气能源、机械土木、数学物理复合组,24,2186,658,646,12,旧逻辑可能被同校最低组污染；新逻辑使用当前行26预估位次
南宁师范大学,物理,本科批,南宁师范大学03,中外合作：应用化学,4,198528,469,508,-39,旧逻辑可能被同校最低组污染；新逻辑使用当前行26预估位次
南宁师范大学,物理,本科批,南宁师范大学04,中外合作：化学,3,198528,469,508,-39,旧逻辑可能被同校最低组污染；新逻辑使用当前行26预估位次
南宁师范大学,物理,本科批,南宁师范大学06,中外合作：生物科学,4,167922,495,508,-13,旧逻辑可能被同校最低组污染；新逻辑使用当前行26预估位次
广西医科大学,物理,本科批,广西医科大学03,医学组,3,87885,553,525,28,旧逻辑可能被同校最低组污染；新逻辑使用当前行26预估位次
桂林电子科技大学,物理,本科批,桂林电子科技大学03,预科班,3,64531,571,557,14,旧逻辑可能被同校最低组污染；新逻辑使用当前行26预估位次
广西科技师范学院,物理,本科批,广西科技师范学院03,化学材料组,2,96854,546,500,46,旧逻辑可能被同校最低组污染；新逻辑使用当前行26预估位次
广西科技大学,物理,本科批,广西科技大学05,中外合作：测控技术与仪器、电子信息工程、工业设计,8,141092,515,503,12,旧逻辑可能被同校最低组污染；新逻辑使用当前行26预估位次
广西民族大学,物理,本科批,广西民族大学02,艺术体育组,1,103180,542,508,34,旧逻辑可能被同校最低组污染；新逻辑使用当前行26预估位次
广西民族大学,物理,本科批,广西民族大学04,智能建造,1,103180,542,508,34,旧逻辑可能被同校最低组污染；新逻辑使用当前行26预估位次
四川大学,物理,本科批,四川大学07,医学组,2,3755,651,597,54,旧逻辑可能被同校最低组污染；新逻辑使用当前行26预估位次
四川大学,物理,本科批,四川大学09,医学组,1,3099,654,597,57,旧逻辑可能被同校最低组污染；新逻辑使用当前行26预估位次
四川大学,物理,本科批,四川大学12,中外合作：计算机科学与技术、电子信息工程、人工智能、机械设计制造及其自动化等,20,7901,639,597,42,旧逻辑可能被同校最低组污染；新逻辑使用当前行26预估位次
西南交通大学,物理,本科批,西南交通大学15,经管组,7,17662,621,581,40,旧逻辑可能被同校最低组污染；新逻辑使用当前行26预估位次
成都理工大学,历史,本科批,成都理工大学02,经管组,4,11484,579,558,21,旧逻辑可能被同校最低组污染；新逻辑使用当前行26预估位次
西南科技大学,物理,本科批,西南科技大学05,中外合作：土木工程,2,138484,516,540,-24,旧逻辑可能被同校最低组污染；新逻辑使用当前行26预估位次
四川师范大学,物理,本科批,四川师范大学04,法政公安、教育心理复合组,2,51191,583,551,32,旧逻辑可能被同校最低组污染；新逻辑使用当前行26预估位次
川北医学院,物理,本科批,川北医学院04,医学组,5,52570,581,533,48,旧逻辑可能被同校最低组污染；新逻辑使用当前行26预估位次
重庆大学,物理,本科批,重庆大学04,计算机组,1,75080,563,637,-74,旧逻辑可能被同校最低组污染；新逻辑使用当前行26预估位次
西南大学,历史,本科批,西南大学03,中外合作：心理学,1,11688,579,596,-17,旧逻辑可能被同校最低组污染；新逻辑使用当前行26预估位次
西南大学,物理,本科批,西南大学11,中外合作：生物技术,1,76930,561,592,-31,旧逻辑可能被同校最低组污染；新逻辑使用当前行26预估位次
西南大学,物理,本科批,西南大学16,中外合作：药学,2,31166,603,592,11,旧逻辑可能被同校最低组污染；新逻辑使用当前行26预估位次
重庆工商大学,历史,本科批,重庆工商大学01,中外合作：市场营销、财务管理、物流管理,3,27117,542,557,-15,旧逻辑可能被同校最低组污染；新逻辑使用当前行26预估位次
四川外国语大学,物理,本科批,四川外国语大学12,计算机组,1,87457,553,532,21,旧逻辑可能被同校最低组污染；新逻辑使用当前行26预估位次
长江师范学院,物理,本科批,长江师范学院04,中外合作：智能制造工程,2,143097,513,490,23,旧逻辑可能被同校最低组污染；新逻辑使用当前行26预估位次
遵义医科大学,物理,本科批,遵义医科大学02,化学材料组,2,48844,585,574,11,旧逻辑可能被同校最低组污染；新逻辑使用当前行26预估位次
云南师范大学,物理,本科批,云南师范大学03,数学物理组,4,80205,559,526,33,旧逻辑可能被同校最低组污染；新逻辑使用当前行26预估位次
云南农业大学,物理,本科批,云南农业大学03,中外合作：风景园林,2,144005,513,496,17,旧逻辑可能被同校最低组污染；新逻辑使用当前行26预估位次
云南财经大学,物理,本科批,云南财经大学07,中外合作：金融科技,10,112533,535,524,11,旧逻辑可能被同校最低组污染；新逻辑使用当前行26预估位次
西安建筑科技大学,物理,本科批,西安建筑科技大学03,中外合作：环境科学,4,100060,544,518,26,旧逻辑可能被同校最低组污染；新逻辑使用当前行26预估位次
西安建筑科技大学,物理,本科批,西安建筑科技大学04,中外合作：人工智能、智能建造、计算机科学与技术,12,90851,551,518,33,旧逻辑可能被同校最低组污染；新逻辑使用当前行26预估位次
西安工程大学,物理,本科批,西安工程大学13,自动化组,2,64652,571,532,39,旧逻辑可能被同校最低组污染；新逻辑使用当前行26预估位次
西安工程大学,物理,本科批,西安工程大学15,计算机组,2,73285,564,532,32,旧逻辑可能被同校最低组污染；新逻辑使用当前行26预估位次
西安医学院,物理,本科批,西安医学院04,医学组,2,69940,567,514,53,旧逻辑可能被同校最低组污染；新逻辑使用当前行26预估位次
西安邮电大学,物理,本科批,西安邮电大学02,预科班,2,35804,598,582,16,旧逻辑可能被同校最低组污染；新逻辑使用当前行26预估位次
西安科技大学,物理,本科批,西安科技大学02,供应链管理,3,72144,565,555,10,旧逻辑可能被同校最低组污染；新逻辑使用当前行26预估位次
西安航空学院,物理,本科批,西安航空学院03,中外合作：机械设计制造及其自动化、自动化、信息与计算科学,6,137841,517,504,13,旧逻辑可能被同校最低组污染；新逻辑使用当前行26预估位次
西北农林科技大学,物理,本科批,西北农林科技大学10,自动化、计算机、电子信息复合组,6,13308,628,592,36,旧逻辑可能被同校最低组污染；新逻辑使用当前行26预估位次
延安大学,物理,本科批,延安大学05,医学组,4,99613,544,520,24,旧逻辑可能被同校最低组污染；新逻辑使用当前行26预估位次
陕西科技大学,物理,本科批,陕西科技大学10,中外合作：自动化,3,99276,544,531,13,旧逻辑可能被同校最低组污染；新逻辑使用当前行26预估位次
宝鸡文理学院,物理,本科批,宝鸡文理学院03,地理建筑组,7,117776,531,502,29,旧逻辑可能被同校最低组污染；新逻辑使用当前行26预估位次
兰州大学,物理,本科批,兰州大学20,中外合作：生物制药,7,37171,597,624,-27,旧逻辑可能被同校最低组污染；新逻辑使用当前行26预估位次
兰州交通大学,物理,本科批,兰州交通大学06,自动化、机械土木复合组,2,47700,586,544,42,旧逻辑可能被同校最低组污染；新逻辑使用当前行26预估位次
西北民族大学,物理,本科批,西北民族大学09,计算机组,5,127959,524,498,26,旧逻辑可能被同校最低组污染；新逻辑使用当前行26预估位次
西北民族大学,物理,本科批,西北民族大学10,中外合作：计算机科学与技术,4,147569,510,498,12,旧逻辑可能被同校最低组污染；新逻辑使用当前行26预估位次
陇东学院,物理,本科批,陇东学院03,医学组,2,140400,515,498,17,旧逻辑可能被同校最低组污染；新逻辑使用当前行26预估位次
天水师范大学,历史,本科批,天水师范大学02,经管、法政公安复合组,5,38454,518,530,-12,旧逻辑可能被同校最低组污染；新逻辑使用当前行26预估位次
北方民族大学,物理,本科批,北方民族大学05,电子信息、自动化复合组,4,122906,527,509,18,旧逻辑可能被同校最低组污染；新逻辑使用当前行26预估位次
北方民族大学,物理,本科批,北方民族大学06,机械土木组,1,125182,526,509,17,旧逻辑可能被同校最低组污染；新逻辑使用当前行26预估位次
北方民族大学,物理,本科批,北方民族大学07,化学材料、生物食品环境复合组,7,125182,526,509,17,旧逻辑可能被同校最低组污染；新逻辑使用当前行26预估位次
宁夏大学,物理,本科批,宁夏大学04,计算机组,5,33063,601,583,18,旧逻辑可能被同校最低组污染；新逻辑使用当前行26预估位次
新疆农业大学,物理,本科批,新疆农业大学04,经管组,5,150365,508,476,32,旧逻辑可能被同校最低组污染；新逻辑使用当前行26预估位次
上海师范大学天华学院,物理,本科批,上海师范大学天华学院06,计算机组,6,181793,484,463,21,旧逻辑可能被同校最低组污染；新逻辑使用当前行26预估位次
浙江树人学院,物理,本科批,浙江树人学院04,中外合作：物业管理,2,184253,482,468,14,旧逻辑可能被同校最低组污染；新逻辑使用当前行26预估位次
江西服装学院,历史,本科批,江西服装学院02,中外合作：服装设计与工程,2,45887,503,487,16,旧逻辑可能被同校最低组污染；新逻辑使用当前行26预估位次
江西服装学院,物理,本科批,江西服装学院03,中外合作：服装设计与工程,2,180032,486,464,22,旧逻辑可能被同校最低组污染；新逻辑使用当前行26预估位次
烟台南山学院,物理,本科批,烟台南山学院03,自动化组,4,140920,515,472,43,旧逻辑可能被同校最低组污染；新逻辑使用当前行26预估位次
青岛恒星科技学院,物理,本科批,青岛恒星科技学院04,中外合作：人工智能,12,182426,484,463,21,旧逻辑可能被同校最低组污染；新逻辑使用当前行26预估位次
青岛城市学院,物理,本科批,青岛城市学院07,生物食品环境组,2,178952,486,468,18,旧逻辑可能被同校最低组污染；新逻辑使用当前行26预估位次
泰山科技学院,物理,本科批,泰山科技学院03,经管组,4,157612,503,467,36,旧逻辑可能被同校最低组污染；新逻辑使用当前行26预估位次
北京城市学院,物理,本科批,北京城市学院02,经管组,3,185412,481,463,18,旧逻辑可能被同校最低组污染；新逻辑使用当前行26预估位次
首都师范大学科德学院,物理,本科批,首都师范大学科德学院04,计算机组,4,182988,483,464,19,旧逻辑可能被同校最低组污染；新逻辑使用当前行26预估位次
天津天狮学院,物理,本科批,天津天狮学院03,经管、文史语言新闻复合组,3,175037,490,476,14,旧逻辑可能被同校最低组污染；新逻辑使用当前行26预估位次
河北科技学院,物理,本科批,河北科技学院02,经管组,7,168026,495,464,31,旧逻辑可能被同校最低组污染；新逻辑使用当前行26预估位次
河北外国语学院,物理,本科批,河北外国语学院03,计算机、自动化复合组,4,182762,483,473,10,旧逻辑可能被同校最低组污染；新逻辑使用当前行26预估位次
河北地质大学华信学院,物理,本科批,河北地质大学华信学院02,自动化、电气能源复合组,4,178269,487,471,16,旧逻辑可能被同校最低组污染；新逻辑使用当前行26预估位次
保定理工学院,物理,本科批,保定理工学院03,中外合作：土木工程,5,168260,495,469,26,旧逻辑可能被同校最低组污染；新逻辑使用当前行26预估位次
山西晋中理工学院,物理,本科批,山西晋中理工学院02,经管组,2,173530,491,477,14,旧逻辑可能被同校最低组污染；新逻辑使用当前行26预估位次
沈阳城市建设学院,物理,本科批,沈阳城市建设学院03,自动化、计算机、机械土木复合组,31,163110,499,464,35,旧逻辑可能被同校最低组污染；新逻辑使用当前行26预估位次
大连医科大学中山学院,物理,本科批,大连医科大学中山学院04,计算机组,6,167665,495,463,32,旧逻辑可能被同校最低组污染；新逻辑使用当前行26预估位次
长春大学旅游学院,物理,本科批,长春大学旅游学院02,计算机、机械土木复合组,12,180638,485,463,22,旧逻辑可能被同校最低组污染；新逻辑使用当前行26预估位次
黑龙江财经学院,物理,本科批,黑龙江财经学院03,电子信息、计算机复合组,5,173041,491,472,19,旧逻辑可能被同校最低组污染；新逻辑使用当前行26预估位次
黑龙江工商学院,物理,本科批,黑龙江工商学院01,经管组,15,187758,479,463,16,旧逻辑可能被同校最低组污染；新逻辑使用当前行26预估位次
武昌理工学院,物理,本科批,武昌理工学院04,中外合作：数据科学与大数据技术,2,160467,501,468,33,旧逻辑可能被同校最低组污染；新逻辑使用当前行26预估位次
武汉工商学院,历史,本科批,武汉工商学院01,供应链管理,2,53160,488,498,-10,旧逻辑可能被同校最低组污染；新逻辑使用当前行26预估位次
武汉工商学院,物理,本科批,武汉工商学院05,电气能源组,2,171173,493,476,17,旧逻辑可能被同校最低组污染；新逻辑使用当前行26预估位次
长江大学文理学院,物理,本科批,长江大学文理学院02,地理建筑组,2,172183,492,473,19,旧逻辑可能被同校最低组污染；新逻辑使用当前行26预估位次
武汉工程科技学院,物理,本科批,武汉工程科技学院03,经管组,2,166886,496,465,31,旧逻辑可能被同校最低组污染；新逻辑使用当前行26预估位次
广州南方学院,物理,本科批,广州南方学院03,中外合作：数据科学与大数据技术,13,160467,501,463,38,旧逻辑可能被同校最低组污染；新逻辑使用当前行26预估位次
广州工商学院,物理,本科批,广州工商学院02,中外合作：大数据管理与应用、数字经济,10,175470,489,465,24,旧逻辑可能被同校最低组污染；新逻辑使用当前行26预估位次
广州工商学院,物理,本科批,广州工商学院03,文史语言新闻、经管复合组,4,179917,486,465,21,旧逻辑可能被同校最低组污染；新逻辑使用当前行26预估位次
海口经济学院,物理,本科批,海口经济学院04,计算机、电子信息、自动化复合组,22,173500,491,469,22,旧逻辑可能被同校最低组污染；新逻辑使用当前行26预估位次
三亚学院,物理,本科批,三亚学院08,中外合作：电子信息工程,6,180738,485,463,22,旧逻辑可能被同校最低组污染；新逻辑使用当前行26预估位次
成都东软学院,物理,本科批,成都东软学院02,中外合作：数据科学与大数据技术,2,160467,501,475,26,旧逻辑可能被同校最低组污染；新逻辑使用当前行26预估位次
电子科技大学成都学院,物理,本科批,电子科技大学成都学院02,经管组,2,160968,500,484,16,旧逻辑可能被同校最低组污染；新逻辑使用当前行26预估位次
成都锦城学院,物理,本科批,成都锦城学院03,中外合作：数据科学与大数据技术,2,160467,501,488,13,旧逻辑可能被同校最低组污染；新逻辑使用当前行26预估位次
西南财经大学天府学院,物理,本科批,西南财经大学天府学院04,经管组,4,161242,500,476,24,旧逻辑可能被同校最低组污染；新逻辑使用当前行26预估位次
西南财经大学天府学院,物理,本科批,西南财经大学天府学院05,中外合作：数字经济,5,202013,466,476,-10,旧逻辑可能被同校最低组污染；新逻辑使用当前行26预估位次
西南财经大学天府学院,物理,本科批,西南财经大学天府学院10,化学材料组,2,166592,496,476,20,旧逻辑可能被同校最低组污染；新逻辑使用当前行26预估位次
西南财经大学天府学院,物理,本科批,西南财经大学天府学院11,化学材料组,2,166592,496,476,20,旧逻辑可能被同校最低组污染；新逻辑使用当前行26预估位次
西南交通大学希望学院,物理,本科批,西南交通大学希望学院02,经管组,1,174209,490,472,18,旧逻辑可能被同校最低组污染；新逻辑使用当前行26预估位次
重庆移通学院,物理,本科批,重庆移通学院04,中外合作：机械设计制造及其自动化,5,174198,490,463,27,旧逻辑可能被同校最低组污染；新逻辑使用当前行26预估位次
贵阳人文科技学院,物理,本科批,贵阳人文科技学院03,经管组,4,179860,486,467,19,旧逻辑可能被同校最低组污染；新逻辑使用当前行26预估位次
西安培华学院,物理,本科批,西安培华学院06,生物食品环境组,5,169650,494,471,23,旧逻辑可能被同校最低组污染；新逻辑使用当前行26预估位次
西安欧亚学院,物理,本科批,西安欧亚学院04,中外合作：软件工程,10,179259,486,465,21,旧逻辑可能被同校最低组污染；新逻辑使用当前行26预估位次
延安大学西安创新学院,物理,本科批,延安大学西安创新学院01,经管、文史语言新闻复合组,6,186541,480,463,17,旧逻辑可能被同校最低组污染；新逻辑使用当前行26预估位次
西安明德理工学院,物理,本科批,西安明德理工学院02,经管组,2,184515,482,465,17,旧逻辑可能被同校最低组污染；新逻辑使用当前行26预估位次
西安科技大学高新学院,物理,本科批,西安科技大学高新学院03,计算机、自动化复合组,7,178164,487,497,-10,旧逻辑可能被同校最低组污染；新逻辑使用当前行26预估位次
