subject,school,group,code,name,candidate_count,candidates
物理,清华大学,清华大学05,13,临床医学类(协和)(临床医学),2,清华大学04|临床医学类(临床医学)(协和)|684；清华大学04|临床医学类(临床医学)(卓越医师科学家)|684
物理,清华大学,清华大学05,14,工科试验班(为先书院)(交叉工程等专业),9,清华大学04|工科试验班(人工智能等专业)(无穹书院)|688；清华大学04|工科试验班(交叉工程等专业)(水木书院)|688；清华大学04|工科试验班(交叉工程等专业)(笃实书院)|685；清华大学04|工科试验班(交叉工程等专业)(自强书院)|684；清华大学04|工科试验班(交叉工程等专业)(为先书院)|684
物理,清华大学,清华大学05,07,工科试验班(建筑、规划、景观)(交叉工程等专业),9,清华大学04|工科试验班(人工智能等专业)(无穹书院)|688；清华大学04|工科试验班(交叉工程等专业)(水木书院)|688；清华大学04|工科试验班(交叉工程等专业)(笃实书院)|685；清华大学04|工科试验班(交叉工程等专业)(自强书院)|684；清华大学04|工科试验班(交叉工程等专业)(为先书院)|684
物理,清华大学,清华大学05,18,工科试验班(无穹书院)(人工智能等专业),9,清华大学04|工科试验班(人工智能等专业)(无穹书院)|688；清华大学04|工科试验班(交叉工程等专业)(水木书院)|688；清华大学04|工科试验班(交叉工程等专业)(笃实书院)|685；清华大学04|工科试验班(交叉工程等专业)(自强书院)|684；清华大学04|工科试验班(交叉工程等专业)(为先书院)|684
物理,清华大学,清华大学05,08,工科试验班(智能制造与装备类)[机械工程(含实验班)、车辆工程],9,清华大学04|工科试验班(人工智能等专业)(无穹书院)|688；清华大学04|工科试验班(交叉工程等专业)(水木书院)|688；清华大学04|工科试验班(交叉工程等专业)(笃实书院)|685；清华大学04|工科试验班(交叉工程等专业)(自强书院)|684；清华大学04|工科试验班(交叉工程等专业)(为先书院)|684
物理,清华大学,清华大学05,19,工科试验班(水木书院)(交叉工程等专业),9,清华大学04|工科试验班(人工智能等专业)(无穹书院)|688；清华大学04|工科试验班(交叉工程等专业)(水木书院)|688；清华大学04|工科试验班(交叉工程等专业)(笃实书院)|685；清华大学04|工科试验班(交叉工程等专业)(自强书院)|684；清华大学04|工科试验班(交叉工程等专业)(为先书院)|684
物理,清华大学,清华大学05,15,工科试验班(秀钟书院)(交叉工程等专业),9,清华大学04|工科试验班(人工智能等专业)(无穹书院)|688；清华大学04|工科试验班(交叉工程等专业)(水木书院)|688；清华大学04|工科试验班(交叉工程等专业)(笃实书院)|685；清华大学04|工科试验班(交叉工程等专业)(自强书院)|684；清华大学04|工科试验班(交叉工程等专业)(为先书院)|684
物理,清华大学,清华大学05,16,工科试验班(笃实书院)(交叉工程等专业),9,清华大学04|工科试验班(人工智能等专业)(无穹书院)|688；清华大学04|工科试验班(交叉工程等专业)(水木书院)|688；清华大学04|工科试验班(交叉工程等专业)(笃实书院)|685；清华大学04|工科试验班(交叉工程等专业)(自强书院)|684；清华大学04|工科试验班(交叉工程等专业)(为先书院)|684
物理,清华大学,清华大学05,20,工科试验班(紫荆书院)(交叉工程等专业),9,清华大学04|工科试验班(人工智能等专业)(无穹书院)|688；清华大学04|工科试验班(交叉工程等专业)(水木书院)|688；清华大学04|工科试验班(交叉工程等专业)(笃实书院)|685；清华大学04|工科试验班(交叉工程等专业)(自强书院)|684；清华大学04|工科试验班(交叉工程等专业)(为先书院)|684
物理,清华大学,清华大学05,17,工科试验班(自强书院)(交叉工程等专业),9,清华大学04|工科试验班(人工智能等专业)(无穹书院)|688；清华大学04|工科试验班(交叉工程等专业)(水木书院)|688；清华大学04|工科试验班(交叉工程等专业)(笃实书院)|685；清华大学04|工科试验班(交叉工程等专业)(自强书院)|684；清华大学04|工科试验班(交叉工程等专业)(为先书院)|684
物理,清华大学,清华大学05,12,理科试验班(化生类)(化学、生物科学、化学工程与工业生物工程),4,清华大学04|理科试验班[数学与应用数学、物理学、数理基础科学、统计学、工程物理、工程物理(能源实验班)](数理类)|687；清华大学04|理科试验班(化学、生物科学、化学工程与工业生物工程)(化生类)|685；清华大学04|理科试验班(智能工程与创意设计等专业)(新雅书院)|685；清华大学04|理科试验班(统计学等专业)(至善书院)|684
物理,清华大学,清华大学05,11,理科试验班(数理类)[数学与应用数学、物理学、数理基础科学、工程物理(含能源实验班)、统计学],4,清华大学04|理科试验班[数学与应用数学、物理学、数理基础科学、统计学、工程物理、工程物理(能源实验班)](数理类)|687；清华大学04|理科试验班(化学、生物科学、化学工程与工业生物工程)(化生类)|685；清华大学04|理科试验班(智能工程与创意设计等专业)(新雅书院)|685；清华大学04|理科试验班(统计学等专业)(至善书院)|684
物理,清华大学,清华大学05,21,理科试验班(至善书院)(统计学等专业),4,清华大学04|理科试验班[数学与应用数学、物理学、数理基础科学、统计学、工程物理、工程物理(能源实验班)](数理类)|687；清华大学04|理科试验班(化学、生物科学、化学工程与工业生物工程)(化生类)|685；清华大学04|理科试验班(智能工程与创意设计等专业)(新雅书院)|685；清华大学04|理科试验班(统计学等专业)(至善书院)|684
物理,北京大学,北京大学06,33,理科试验班类(经济)(数学类),4,北京大学05|理科试验班类(元培)|695；北京大学05|理科试验班类(数学类)(法学院)|693；北京大学05|理科试验班类(数学类)(光华)|686；北京大学05|理科试验班类(数学类)(经济)|686
物理,上海交通大学医学院,上海交通大学医学院03,06,临床医学,3,上海交通大学医学院02|临床医学(本博连读)(法语班)|679；上海交通大学医学院02|临床医学(本博连读)|678；上海交通大学医学院02|临床医学(本博连读)(口腔)|678
物理,上海交通大学医学院,上海交通大学医学院03,07,临床医学(英语班),3,上海交通大学医学院02|临床医学(本博连读)(法语班)|679；上海交通大学医学院02|临床医学(本博连读)|678；上海交通大学医学院02|临床医学(本博连读)(口腔)|678
物理,复旦大学,复旦大学07,45,工科试验班(具身智能机器人班)(智能科学与技术),8,"复旦大学04|工科试验班(微电子科学与工程、人工智能、智能科学与技术、生物医学工程、电子信息科学与技术、电子科学与技术)(相辉学堂香农计划)(融通项目)(含集成电路与微纳电子创新学院、计算与智能创新学院、智能机器人与先进制造创新学院、生物医学工程创新学院、未来信息创新学院、智能材料与能源创新学院,领军人才班)|681；复旦大学04|工科试验班(微电子科学与工程、集成电路科学与工程)(集成电路领军人才班)(融通项目)|680；复旦大学04|工科试验班(人工智能)(计算与智能领军人才班)(融通项目)|676；复旦大学04|工科试验班(电子信息科学与技术)(未来信息领军人才班)(融通项目)(含“光子计划”院士班)|674；复旦大学04|工科试验班(智能科学与技术)(智能机器人与先进制造领军人才班)(融通项目)|672"
物理,复旦大学,复旦大学07,50,工科试验班(变革性材料与能源)(材料科学与工程、新能源科学与工程),8,"复旦大学04|工科试验班(微电子科学与工程、人工智能、智能科学与技术、生物医学工程、电子信息科学与技术、电子科学与技术)(相辉学堂香农计划)(融通项目)(含集成电路与微纳电子创新学院、计算与智能创新学院、智能机器人与先进制造创新学院、生物医学工程创新学院、未来信息创新学院、智能材料与能源创新学院,领军人才班)|681；复旦大学04|工科试验班(微电子科学与工程、集成电路科学与工程)(集成电路领军人才班)(融通项目)|680；复旦大学04|工科试验班(人工智能)(计算与智能领军人才班)(融通项目)|676；复旦大学04|工科试验班(电子信息科学与技术)(未来信息领军人才班)(融通项目)(含“光子计划”院士班)|674；复旦大学04|工科试验班(智能科学与技术)(智能机器人与先进制造领军人才班)(融通项目)|672"
物理,复旦大学,复旦大学07,51,工科试验班(未来生物智造领军人才班)(生物技术),8,"复旦大学04|工科试验班(微电子科学与工程、人工智能、智能科学与技术、生物医学工程、电子信息科学与技术、电子科学与技术)(相辉学堂香农计划)(融通项目)(含集成电路与微纳电子创新学院、计算与智能创新学院、智能机器人与先进制造创新学院、生物医学工程创新学院、未来信息创新学院、智能材料与能源创新学院,领军人才班)|681；复旦大学04|工科试验班(微电子科学与工程、集成电路科学与工程)(集成电路领军人才班)(融通项目)|680；复旦大学04|工科试验班(人工智能)(计算与智能领军人才班)(融通项目)|676；复旦大学04|工科试验班(电子信息科学与技术)(未来信息领军人才班)(融通项目)(含“光子计划”院士班)|674；复旦大学04|工科试验班(智能科学与技术)(智能机器人与先进制造领军人才班)(融通项目)|672"
物理,浙江大学,浙江大学05,24,工科试验班(智能机器人)(具身智能、机器人工程),4,浙江大学02|工科试验班(计算机科学与技术)(竺可桢学院图灵班)|676；浙江大学02|工科试验班[电气工程及其自动化(爱迪生班)、电子信息工程(爱迪生班)、电子科学与技术(香农班)、信息工程(香农班)(EE类)]|674；浙江大学02|工科试验班(计算机科学与技术、信息安全、软件工程、工业设计、光电信息科学与工程、电子科学与技术、微电子科学与工程、信息工程、自动化、生物医学工程)(信息)|672；浙江大学02|工科试验班(机械工程)(智能制造与机器人创新班)|672
物理,浙江大学,浙江大学05,23,工科试验班(智能科学与创新)(人工智能、智能工程与创意设计),4,浙江大学02|工科试验班(计算机科学与技术)(竺可桢学院图灵班)|676；浙江大学02|工科试验班[电气工程及其自动化(爱迪生班)、电子信息工程(爱迪生班)、电子科学与技术(香农班)、信息工程(香农班)(EE类)]|674；浙江大学02|工科试验班(计算机科学与技术、信息安全、软件工程、工业设计、光电信息科学与工程、电子科学与技术、微电子科学与工程、信息工程、自动化、生物医学工程)(信息)|672；浙江大学02|工科试验班(机械工程)(智能制造与机器人创新班)|672
物理,浙江大学,浙江大学05,26,工科试验班(脑机智能创新班)(心理学、生物医学工程),4,浙江大学02|工科试验班(计算机科学与技术)(竺可桢学院图灵班)|676；浙江大学02|工科试验班[电气工程及其自动化(爱迪生班)、电子信息工程(爱迪生班)、电子科学与技术(香农班)、信息工程(香农班)(EE类)]|674；浙江大学02|工科试验班(计算机科学与技术、信息安全、软件工程、工业设计、光电信息科学与工程、电子科学与技术、微电子科学与工程、信息工程、自动化、生物医学工程)(信息)|672；浙江大学02|工科试验班(机械工程)(智能制造与机器人创新班)|672
物理,浙江大学,浙江大学05,22,工科试验班(自动化与光电)(自动化、光电信息科学与工程),4,浙江大学02|工科试验班(计算机科学与技术)(竺可桢学院图灵班)|676；浙江大学02|工科试验班[电气工程及其自动化(爱迪生班)、电子信息工程(爱迪生班)、电子科学与技术(香农班)、信息工程(香农班)(EE类)]|674；浙江大学02|工科试验班(计算机科学与技术、信息安全、软件工程、工业设计、光电信息科学与工程、电子科学与技术、微电子科学与工程、信息工程、自动化、生物医学工程)(信息)|672；浙江大学02|工科试验班(机械工程)(智能制造与机器人创新班)|672
物理,浙江大学,浙江大学05,21,工科试验班(计算机)(计算机科学与技术、软件工程、信息安全),4,浙江大学02|工科试验班(计算机科学与技术)(竺可桢学院图灵班)|676；浙江大学02|工科试验班[电气工程及其自动化(爱迪生班)、电子信息工程(爱迪生班)、电子科学与技术(香农班)、信息工程(香农班)(EE类)]|674；浙江大学02|工科试验班(计算机科学与技术、信息安全、软件工程、工业设计、光电信息科学与工程、电子科学与技术、微电子科学与工程、信息工程、自动化、生物医学工程)(信息)|672；浙江大学02|工科试验班(机械工程)(智能制造与机器人创新班)|672
历史,北京大学,北京大学04,24,文科试验班类(信管)(社会学类),2,北京大学03|文科试验班类(元培)|690；北京大学03|文科试验班类(社会学类)(国关)|669
物理,上海交通大学,上海交通大学06,26,"工科试验班类(溥渊未来技术学院,健康方向)(健康科学与技术)(仅录取有专业志愿的考生)",2,上海交通大学03|工科试验班类(智能医工试点班)(生物医学工程)|675；上海交通大学03|工科试验班类(信息类)[计算机科学与技术(计算机学院)、信息安全(计算机学院)、软件工程(计算机学院)、微电子科学与工程(集成电路学院)、信息工程(集成电路学院)、电子科学与技术(集成电路学院)、自动化(自动化与感知学院)、智能感知工程(自动化与感知学院)、电气工程及其自动化(电气工程学院)]|674
物理,中国科学技术大学,中国科学技术大学02,13,理科试验班类(统计大数据与商业AI试验班)(统计学、金融学、大数据管理与应用、商业人工智能),3,"中国科学技术大学01|理科试验班类[数学类(华罗庚数学科技英才班)、物理学类(严济慈物理科技英才班)](拔尖计划科技英才班)(基础学科拔尖学生培养基地,中国科学院基础和前沿交叉学科贯通培养工程实施基地)|673；中国科学技术大学01|理科试验班类[统计学(统计与大数据技术)、大数据管理与应用、金融学(智慧金融)、管理科学(商务智能)、工商管理(创新创业)](统计与大数据技术试验班)(国家级一流本科专业建设点)|670；中国科学技术大学01|理科试验班类[化学类(卢嘉锡化学科技英才班)、生物科学类(贝时璋生命科技英才班)](拔尖计划科技英才班)(基础学科拔尖学生培养基地,中国科学院基础和前沿交叉学科贯通培养工程实施基地)|669"
历史,北京大学,北京大学03,10,文科试验班类(国关)(社会学类),2,北京大学03|文科试验班类(元培)|690；北京大学03|文科试验班类(社会学类)(国关)|669
物理,南京大学,南京大学12,51,理科试验班类(地球科学与资源环境类)(大气科学、应用气象学、环境科学与工程类、地理科学类、地质学类)[该专业(类)入学后可转专业],2,南京大学07|理科试验班类(数学与应用数学、信息与计算科学、统计学、物理学、应用物理学、声学、天文学、大气科学、应用气象学)(数理科学类)|662；南京大学07|理科试验班类(生物科学、生物技术、生态学、化学、应用化学)(化学与生命科学类)|661
历史,清华大学,清华大学02,03,文科试验班类(外文实验班)(英语),3,清华大学02|文科试验班类(经济学、社会学)(至善书院)|683；清华大学02|文科试验班类(经济、金融与管理)|679；清华大学02|文科试验班类(英语)(外文实验班)|679
历史,清华大学,清华大学02,02,文科试验班类(经济、金融与管理)[经济与金融(国际班)],3,清华大学02|文科试验班类(经济学、社会学)(至善书院)|683；清华大学02|文科试验班类(经济、金融与管理)|679；清华大学02|文科试验班类(英语)(外文实验班)|679
物理,同济大学,同济大学08,18,工科试验班(智能交通与车辆类)[交通工程、交通运输、车辆工程(汽车)、车辆工程、能源与动力工程](该类内分流时学院内专业任选),5,"同济大学04|工科试验班(国豪精英班)(所有工科专业任选,详询学校)|663；同济大学04|工科试验班(卓越计划班)(含机器人、工程互联网、智能网联车辆、智慧空间领域,领域内专业任选,详询学校)|658；同济大学04|工科试验班(信息类)(计算机科学与技术、信息安全、数据科学与大数据技术、电气工程及其自动化、自动化、通信工程、人工智能、微电子科学与工程、软件工程)(其中软件工程专业第三、四学年学费为16000元/年)|657；同济大学04|工科试验班(智能化制造与新能源类)(新能源材料与器件、机械设计制造及其自动化、能源与动力工程、智能制造工程、飞行器制造工程、建筑环境与能源应用工程、工业设计)(其中工业设计专业学费为7700元/年)|657；同济大学04|工科试验班(智慧建造与低碳环境类)(土木工程、智能建造、环境工程、给排水科学与工程、环境科学)|657"
物理,东南大学,东南大学11,27,工科试验班(智慧建造与智能交通)(智慧交通、智能建造、交通工程、交通运输、土木工程、给排水科学与工程、工程管理、城市地下空间工程、道路桥梁与渡河工程),3,东南大学06|工科试验班(信息工程等四年制理工科专业)(吴健雄班)|661；东南大学06|工科试验班(电气工程及其自动化、电动载运工程、新能源科学与工程、能源与动力工程)(智慧能源与电气工程)|657；东南大学06|工科试验班(机器人工程、自动化、智能感知工程、智能车辆工程、测控技术与仪器、机械工程)(智能制造与智能系统)|657
物理,东南大学,东南大学12,39,工科试验班(AI+工程创新班)(机器人工程、自动化、生物医学工程、智能医学工程、智能车辆工程、电动载运工程、智能感知工程、新能源科学与工程、机械工程、测控技术与仪器、能源与动力工程)(该类内分流时专业任选),3,东南大学06|工科试验班(信息工程等四年制理工科专业)(吴健雄班)|661；东南大学06|工科试验班(电气工程及其自动化、电动载运工程、新能源科学与工程、能源与动力工程)(智慧能源与电气工程)|657；东南大学06|工科试验班(机器人工程、自动化、智能感知工程、智能车辆工程、测控技术与仪器、机械工程)(智能制造与智能系统)|657
物理,东南大学,东南大学10,25,工科试验班(吴健雄登峰班)(信息工程等四年制理工科专业),3,东南大学06|工科试验班(信息工程等四年制理工科专业)(吴健雄班)|661；东南大学06|工科试验班(电气工程及其自动化、电动载运工程、新能源科学与工程、能源与动力工程)(智慧能源与电气工程)|657；东南大学06|工科试验班(机器人工程、自动化、智能感知工程、智能车辆工程、测控技术与仪器、机械工程)(智能制造与智能系统)|657
物理,西安交通大学,西安交通大学08,18,工科试验班(智造重器国卓班)(机械工程),10,西安交通大学03|工科试验班(含计算机科学与技术、自动化、电气工程及其自动化、能源互联网工程、电子科学与技术等11个专业)(越杰计划电类专业预选)|659；西安交通大学03|工科试验班(电气工程及其自动化、能源互联网工程)(电气类)|657；西安交通大学03|工科试验班(计算机科学与技术、网络空间安全、物联网工程)(计算机科学技术类)|656；西安交通大学03|工科试验班(材料科学与工程)(材料创新设计与智能制备国卓班)|656；西安交通大学03|工科试验班(智能感知与仪器)|655
物理,西安交通大学,西安交通大学14,43,工科试验班(新能源英才领军班)(新能源科学与工程),10,西安交通大学03|工科试验班(含计算机科学与技术、自动化、电气工程及其自动化、能源互联网工程、电子科学与技术等11个专业)(越杰计划电类专业预选)|659；西安交通大学03|工科试验班(电气工程及其自动化、能源互联网工程)(电气类)|657；西安交通大学03|工科试验班(计算机科学与技术、网络空间安全、物联网工程)(计算机科学技术类)|656；西安交通大学03|工科试验班(材料科学与工程)(材料创新设计与智能制备国卓班)|656；西安交通大学03|工科试验班(智能感知与仪器)|655
物理,武汉大学,武汉大学11,54,"临床医学(泰康自强班)(培养模式详询院校)(报考该专业有色觉要求,具体请查阅院校招生章程)",2,武汉大学07|临床医学(八年制)|652；武汉大学07|临床医学(5+3一体化)|647
物理,武汉大学,武汉大学11,53,"口腔医学(5+3一体化)(报考该专业有色觉要求,具体请查阅院校招生章程)",2,武汉大学07|口腔医学(八年制)|663；武汉大学07|口腔医学(五年制)|648
物理,电子科技大学,电子科技大学03,15,电子信息类(电子信息与地球科学复合培养)(遥感科学与技术、地球信息科学与技术),4,电子科技大学02|电子信息类(成电英才电子与计算机科技创新领军人才计划)|656；电子科技大学02|电子信息类(信息与通信)|653；电子科技大学02|电子信息类(光电集成与光网络)|651；电子科技大学02|电子信息类(智能仪器、智能控制)|651
物理,电子科技大学,电子科技大学03,10,电子信息类(电子信息与物理科学复合培养)(电子信息科学与技术、应用物理学、量子信息科学),4,电子科技大学02|电子信息类(成电英才电子与计算机科技创新领军人才计划)|656；电子科技大学02|电子信息类(信息与通信)|653；电子科技大学02|电子信息类(光电集成与光网络)|651；电子科技大学02|电子信息类(智能仪器、智能控制)|651
物理,南开大学,南开大学04,11,工科试验班(未来产业精英)[智能科学与技术(具身与行为智能特色班)、智能医学工程(脑机接口特色班)、新能源科学与工程(数智能源特色班)、材料化学(新材料特色班)、生物技术(生物智造特色班)][本专业大类内专业任选],2,南开大学03|工科试验班(光电信息科学与工程、计算机科学与技术、智能科学与技术)(卓越拔尖计划伯苓班)(本专业大类内专业任选)|653；南开大学03|工科试验班(计算机科学与技术、信息安全、物联网工程、自动化、智能科学与技术、软件工程)(信息科学与技术)(本专业大类内专业任选)|651
物理,南开大学,南开大学04,16,理科试验班(数智经济金融)(数字经济、金融科技)(本专业大类内专业任选),4,南开大学03|理科试验班(物理学、化学、生物科学)(卓越拔尖计划伯苓班)(八里台校区)(本专业大类内专业任选)|655；南开大学03|理科试验班(数学与应用数学、信息与计算科学、数据科学、统计学)(数学与大数据)(八里台校区)(本专业大类内专业任选)|651；南开大学03|理科试验班(化学、应用化学、生物科学、生物技术、环境科学、环境工程、资源循环科学与工程、药学、药物化学、材料物理、材料化学)(物质科学与可持续发展)(八里台校区、津南校区)(本专业大类内专业任选)|651；南开大学03|理科试验班(物理学、应用物理学、光电信息科学与工程、电子信息科学与技术、微电子科学与工程、电子科学与技术、通信工程)(物理与光电信息技术工程)(八里台校区、津南校区)(本专业大类内专业任选)|651
物理,西北工业大学,西北工业大学05,19,"航空航天类(航宇新材料)(材料科学与工程、材料成型及控制工程、复合材料与工程、增材制造工程)(专业分流时,100%类内专业任选)",9,"西北工业大学03|航空航天类(飞行器设计与工程、计算机科学与技术)(智慧三航拔尖班)|655；西北工业大学03|航空航天类(航空航天工程)(陈士橹飞天班)|655；西北工业大学03|航空航天类(飞行器设计与工程)(黄玉珊航空班)|655；西北工业大学03|航空航天类(飞行器设计与工程、飞行器控制与信息工程、航空航天工程)(航空)(专业分流时,100%类内专业任选)|653；西北工业大学03|航空航天类(飞行器设计与工程、飞行器动力工程、飞行器控制与信息工程、航空航天工程)(航天)(专业分流时,100%类内专业任选)|653"
历史,复旦大学,复旦大学03,07,"社会科学试验班[社会学(含社会数据分析与挖掘)、社会工作(含社会数据分析与挖掘)](社政学院)(含社会学博英班、社会工作菁英班)(社会数据分析与挖掘项目含大数据分析与计算社会科学方向、应用统计与社会洞察方向、实地调研与人际互动方向,三个方向可重叠修读)(含社会学+人工智能、社会工作+人工智能双学士学位)",2,复旦大学03|社会科学试验班(政治学与行政学、行政管理、国际政治)(国务学院)[含行政管理(公共政策)+人工智能(双学士学位培养项目)]|656；复旦大学03|社会科学试验班(社会学、社会工作)(社政学院)[含社会工作菁英班(融通项目);含社会学+人工智能(双学士学位培养项目)、社会工作+人工智能(双学士学位培养项目)]|656
物理,国防科技大学,国防科技大学06,39,侦察情报(网电情报分析初级指挥与技术军官)(只招男生)(体检标准:通用标准合格),3,国防科技大学07|侦察情报(情报分析整编、图像判读初级指挥与技术军官)(只招女生)(体检标准:通用标准合格)|652；国防科技大学05|侦察情报(情报分析整编、图像判读初级指挥与技术军官)(只招男生)(体检标准:通用标准合格)|647；国防科技大学06|侦察情报(网电情报分析初级指挥与技术军官)(只招男生)(体检标准:电子对抗岗位合格)|643
物理,国防科技大学,国防科技大学06,29,网络工程(新兴高技术初级技术军官)(只招男生)(体检标准:通用标准合格),2,国防科技大学09|网络工程(通信初级指挥与技术军官)(只招女生)(体检标准:通信导航岗位合格)|671；国防科技大学08|网络工程(通信初级指挥与技术军官)(只招男生)(体检标准:通信导航岗位合格)|643
物理,哈尔滨工业大学(威海),哈尔滨工业大学(威海)04,06,"工科试验班(未来智造拔尖班)(含机器人工程、智能制造工程等专业)(第一、二学年在威海校区学习,第三、四学年起在校本部学习)(本专业类内任选专业,入学后不得转专业)",4,哈尔滨工业大学(威海)01|工科试验班(机器人与智能装备拔尖班)[第三、四学年在校本部(哈尔滨)培养]|652；哈尔滨工业大学(威海)01|工科试验班(人工智能加先进技术领军班)|650；哈尔滨工业大学(威海)02|工科试验班(理工交叉卓越优才计划)|650；哈尔滨工业大学(威海)02|工科试验班(智能制造卓越优才计划)|648
物理,哈尔滨工业大学,哈尔滨工业大学09,18,工科试验班(脑机智能)(含微电子科学与工程、智能视觉工程、集成电路设计与集成系统、智能科学与技术等专业)(本专业类内任选专业),5,哈尔滨工业大学08|工科试验班(尖班、港大优学班)(报考该专业须查阅院校官网)|668；哈尔滨工业大学04|工科试验班(院士特色班)|665；哈尔滨工业大学04|工科试验班(未来技术拔尖班)|664；哈尔滨工业大学04|工科试验班(AI加先进技术领军班)|663；哈尔滨工业大学04|工科试验班(AI加先进技术领军班深圳拔尖班)(深圳校区)|663
物理,哈尔滨工业大学,哈尔滨工业大学09,17,工科试验班(自主智能)(含具身智能、智能装备与系统、自动化、智能视觉工程等专业)(本专业类内任选专业),5,哈尔滨工业大学08|工科试验班(尖班、港大优学班)(报考该专业须查阅院校官网)|668；哈尔滨工业大学04|工科试验班(院士特色班)|665；哈尔滨工业大学04|工科试验班(未来技术拔尖班)|664；哈尔滨工业大学04|工科试验班(AI加先进技术领军班)|663；哈尔滨工业大学04|工科试验班(AI加先进技术领军班深圳拔尖班)(深圳校区)|663
物理,哈尔滨工业大学,哈尔滨工业大学09,11,工科试验班(自主智能系统院士特色班)(含自动化、人工智能、具身智能等专业)(培养方式详见学校招生官网),5,哈尔滨工业大学08|工科试验班(尖班、港大优学班)(报考该专业须查阅院校官网)|668；哈尔滨工业大学04|工科试验班(院士特色班)|665；哈尔滨工业大学04|工科试验班(未来技术拔尖班)|664；哈尔滨工业大学04|工科试验班(AI加先进技术领军班)|663；哈尔滨工业大学04|工科试验班(AI加先进技术领军班深圳拔尖班)(深圳校区)|663
物理,哈尔滨工业大学,哈尔滨工业大学09,15,"工科试验班(院士特色班)(通信工程、电子信息工程、信息对抗技术、智能科学与技术)(相关领域内专业任选,培养方式详见学校招生官网)",5,哈尔滨工业大学08|工科试验班(尖班、港大优学班)(报考该专业须查阅院校官网)|668；哈尔滨工业大学04|工科试验班(院士特色班)|665；哈尔滨工业大学04|工科试验班(未来技术拔尖班)|664；哈尔滨工业大学04|工科试验班(AI加先进技术领军班)|663；哈尔滨工业大学04|工科试验班(AI加先进技术领军班深圳拔尖班)(深圳校区)|663
物理,天津大学,天津大学04,06,工科试验班(全国新工科教育创新中心)(可在人工智能图灵班、精仪王守融班、网安拔尖创新班、软件未来领军班、微电子吴咏诗英才班、未来能源精英班、计算机许镇宇班、自动化卓越创新班等14个精英班中任选),9,天津大学02|工科试验班(未来技术学院)|653；天津大学02|工科试验班(电气信息类)|652；天津大学02|工科试验班(电子科学技术类)|652；天津大学02|工科试验班(高新舰船与海洋装备智能设计与管理)|648；天津大学02|工科试验班(智能制造与建造)|647
物理,天津大学,天津大学04,05,"工科试验班(国家未来技术学院)[任选新工科战略领军工程5大未来人才培养方向(具身智能、人工智能、柔性电子、脑机接口、集成电路),或任选全校各院级大师班,或任选全校所有专业]",9,天津大学02|工科试验班(未来技术学院)|653；天津大学02|工科试验班(电气信息类)|652；天津大学02|工科试验班(电子科学技术类)|652；天津大学02|工科试验班(高新舰船与海洋装备智能设计与管理)|648；天津大学02|工科试验班(智能制造与建造)|647
物理,天津大学,天津大学04,08,"工科试验班(国家特色化示范性软件学院智能与计算类)(计算机科学与技术、人工智能、软件工程、网络空间安全)(大类分流专业任选)(含计算机科学与技术拔尖计划,入选教育部“101计划”)(含人工智能图灵班、计算机许镇宇班、软件未来领军班、网安拔尖创新班)",9,天津大学02|工科试验班(未来技术学院)|653；天津大学02|工科试验班(电气信息类)|652；天津大学02|工科试验班(电子科学技术类)|652；天津大学02|工科试验班(高新舰船与海洋装备智能设计与管理)|648；天津大学02|工科试验班(智能制造与建造)|647
物理,天津大学,天津大学04,07,工科试验班(电气信息类)(电气工程及其自动化、电子信息工程、通信工程、物联网工程、智能电网信息工程、自动化、机器人工程)(大类分流专业任选)(含自动化学院卓越创新班),9,天津大学02|工科试验班(未来技术学院)|653；天津大学02|工科试验班(电气信息类)|652；天津大学02|工科试验班(电子科学技术类)|652；天津大学02|工科试验班(高新舰船与海洋装备智能设计与管理)|648；天津大学02|工科试验班(智能制造与建造)|647
物理,华南理工大学,华南理工大学07,34,工科试验班(骐骥班)(可在计算机科学与技术等普通类理工科专业任选),10,华南理工大学05|工科试验班(AI先进技术拔尖班)|653；华南理工大学05|工科试验班(卓越人才班)(其中软件工程第三、四学年学费为16000元/年)|652；华南理工大学06|工科试验班(院士特色班)|650；华南理工大学06|工科试验班(理工交叉创新班)|649；华南理工大学03|工科试验班(AI与低空技术)|649
物理,中山大学,中山大学06,18,临床医学(广州校区北校园),2,中山大学05|临床医学(八年制)|653；中山大学05|临床医学|643
物理,中国人民公安大学,中国人民公安大学08,27,刑事科学技术(只招男生)(面向海关缉私部门入警就业),2,中国人民公安大学06|刑事科学技术(只招女生)(面向地方公安机关入警就业)|660；中国人民公安大学05|刑事科学技术(只招男生)(面向地方公安机关入警就业)|646
物理,中国人民公安大学,中国人民公安大学07,26,数据警务技术(只招男生)(面向铁路公安机关入警就业),3,中国人民公安大学06|数据警务技术(只招女生)(面向地方公安机关入警就业)|674；中国人民公安大学07|数据警务技术(只招男生)(面向海关缉私部门入警就业)|648；中国人民公安大学05|数据警务技术(只招男生)(面向地方公安机关入警就业)|648
物理,重庆大学,重庆大学11,21,"工科试验班(智能汽车领航班)(车辆工程、人工智能、数据科学与大数据技术、智能感知工程、通信工程、自动化等)(科学城校区虎溪校园)(2+1+1特色交叉培养;第三学年分流,结合领航班培养方案及学生意愿确定智能汽车领域相关专业)",7,"重庆大学03|工科试验班(卓越计划)(沙坪坝校区)(分流时,按照学生意愿在全校四年制理工科专业中任选)|650；重庆大学04|工科试验班(未来信息)(通信工程、测控技术与仪器、自动化、电子信息工程、机器人工程、集成电路设计与集成系统、智能感知工程)(沙坪坝校区)(第二学期分流,按照学生意愿在试验班内任选专业)|642；重庆大学04|工科试验班(计算机与智能软件)(计算机科学与技术、软件工程、人工智能、数据科学与大数据技术、信息安全)(沙坪坝校区)(第二学期分流,按照学生意愿在试验班内任选专业;其中软件工程、人工智能、数据科学与大数据技术专业第三、四学年每年预交学费标准为15000元)|641；重庆大学04|工科试验班(高端装备与智能制造)(机械设计制造及其自动化、车辆工程、航空航天工程、工程力学、机械电子工程、工业工程)(虎溪校区)(第二学期末分流,按照绩点结合学生意愿在试验班内确定专业)|639；重庆大学04|工科试验班(医工交叉与环化健康)(生物医学工程、应用化学、给排水科学与工程、药学、环境工程、化学工程与工艺、环境生态工程)(虎溪校区)(第二学期末分流,按照绩点结合学生意愿在试验班内确定专业)|638"
物理,山东大学,山东大学11,43,临床医学(5+3一体化)(儿科方向),4,山东大学08|临床医学(齐鲁医学堂创新实验班)|646；山东大学08|临床医学(5+3一体化)|643；山东大学08|临床医学|641；山东大学08|临床医学(5+3一体化)(儿科)|640
物理,南京大学,南京大学06,16,计算机科学与技术,2,南京大学07|计算机科学与技术(至诚班)|674；南京大学07|计算机科学与技术|670
物理,南京大学,南京大学07,24,理科试验班类(化学与生命科学类)(生物科学、生物技术、生态学、化学、应用化学)(鼓楼校区和仙林校区),2,南京大学07|理科试验班类(数学与应用数学、信息与计算科学、统计学、物理学、应用物理学、声学、天文学、大气科学、应用气象学)(数理科学类)|662；南京大学07|理科试验班类(生物科学、生物技术、生态学、化学、应用化学)(化学与生命科学类)|661
物理,南京大学,南京大学07,25,理科试验班类(地球科学与资源环境类)(大气科学、应用气象学、环境科学与工程类、地理科学类、地质学类)(鼓楼校区和仙林校区),2,南京大学07|理科试验班类(数学与应用数学、信息与计算科学、统计学、物理学、应用物理学、声学、天文学、大气科学、应用气象学)(数理科学类)|662；南京大学07|理科试验班类(生物科学、生物技术、生态学、化学、应用化学)(化学与生命科学类)|661
物理,四川大学,四川大学07,15,临床医学(启德班)(江安校区),2,四川大学10|临床医学(八年制)(江安校区)|661；四川大学06|临床医学(五年制)(江安校区)|647
物理,四川大学,四川大学09,17,口腔医学(八年制)(江安校区),2,四川大学09|口腔医学(5+3一体化)(江安校区)|655；四川大学06|口腔医学(五年制)(江安校区)|649
物理,厦门大学,厦门大学08,36,理科试验班(生命科学与医药健康类)(生物科学、生物技术、药学、预防医学、医学检验技术)(分流时本专业类内专业任选。其中预防医学专业学制5年。入校后可选拔进入生物科学国家级拔尖学生培养基地、博伊特勒书院、药学创新实验班、生物医药与健康大数据创新实验班)(翔安校区),2,厦门大学07|理科试验班(生命科学与医药健康类)(其中预防医学专业学制5年)(翔安校区)(报考该专业须查阅院校招生网站并详询院校)|645；厦门大学07|理科试验班(海洋与生态环境类)(翔安校区)(报考该专业须查阅院校招生网站并详询院校)|643
物理,中国政法大学,中国政法大学06,22,法学(纪检、监察实验班)(报考该专业须查阅院校招生章程),3,中国政法大学04|法学(法学人才培养模式改革实验班)(报考该专业须查阅院校招生章程)|657；中国政法大学04|法学(涉外法治人才培养实验班)(报考该专业须查阅院校招生章程)|642；中国政法大学04|法学|636
物理,南京理工大学,南京理工大学04,48,兵器类(智能发射与动力方向)(能源与动力工程、储能科学与工程、武器发射工程),3,南京理工大学02|兵器类(弹药工程与爆炸技术、武器系统与工程)(鼎新创新人才班)|648；南京理工大学02|兵器类(弹药工程与爆炸技术、武器系统与工程)(志道创新人才班)|643；南京理工大学03|兵器类(弹药工程与爆炸技术、武器系统与工程)|642
历史,中国人民公安大学,中国人民公安大学03,13,侦查学(只招女生)(面向海关缉私部门入警就业),2,中国人民公安大学02|侦查学(只招女生)(面向地方公安机关入警就业)|656；中国人民公安大学01|侦查学(只招男生)(面向地方公安机关入警就业)|628
历史,东南大学,东南大学01,01,文科试验班类(数智经济与智能管理)(会计学、金融学、经济学、工商管理、国际经济与贸易、物流管理),2,东南大学03|文科试验班类(法学、艺术史论、哲学、汉语言文学、社会学)(郭秉文班)|636；东南大学03|文科试验班类(会计学、金融学、经济学、工商管理、国际经济与贸易、物流管理)(数智经济与智能管理)|636
历史,东南大学,东南大学01,02,文科试验班类(郭秉文班)(法学、艺术史论、哲学、汉语言文学、社会学),2,东南大学03|文科试验班类(法学、艺术史论、哲学、汉语言文学、社会学)(郭秉文班)|636；东南大学03|文科试验班类(会计学、金融学、经济学、工商管理、国际经济与贸易、物流管理)(数智经济与智能管理)|636
历史,东南大学,东南大学03,05,文科试验班类(郭秉文班)(法学、艺术史论、哲学、汉语言文学、社会学),2,东南大学03|文科试验班类(法学、艺术史论、哲学、汉语言文学、社会学)(郭秉文班)|636；东南大学03|文科试验班类(会计学、金融学、经济学、工商管理、国际经济与贸易、物流管理)(数智经济与智能管理)|636
物理,海军工程大学,海军工程大学02,15,电气工程及其自动化(舰艇机电初级指挥与技术军官)(只招男生)(体检标准:舰艇岗位合格),2,海军工程大学02|电气工程及其自动化(舰艇机电初级指挥军官)(只招男生)(体检标准:舰艇岗位合格)|625；海军工程大学03|电气工程及其自动化(潜艇机电初级指挥与技术军官)(只招男生)(体检标准:潜艇岗位合格)|621
物理,海军工程大学,海军工程大学02,17,轮机工程(舰艇机电初级指挥与技术军官)(只招男生)(体检标准:舰艇岗位合格),2,海军工程大学02|轮机工程(舰艇机电初级指挥军官)(只招男生)(体检标准:舰艇岗位合格)|624；海军工程大学03|轮机工程(潜艇机电初级指挥与技术军官)(只招男生)(体检标准:潜艇岗位合格)|620
物理,海军军医大学,海军军医大学03,10,临床医学[临床医师(“5+3”一体化)](只招女生)(体检标准:医疗卫生岗位合格),5,海军军医大学04|临床医学|611；海军军医大学03|临床医学(高级临床医师)(只招女生)(体检标准:医疗卫生岗位合格)|655；海军军医大学03|临床医学(临床通科医师)(只招女生)(体检标准:医疗卫生岗位合格)|643；海军军医大学02|临床医学(高级临床医师)(只招男生)(体检标准:医疗卫生岗位合格)|648；海军军医大学02|临床医学(临床通科医师)(只招男生)(体检标准:医疗卫生岗位合格)|615
物理,海军军医大学,海军军医大学03,12,医学影像学(临床影像医师)(只招女生)(体检标准:医疗卫生岗位合格),2,海军军医大学04|医学影像学|613；海军军医大学02|医学影像学(临床影像医师)(只招男生)(体检标准:医疗卫生岗位合格)|631
物理,海军军医大学,海军军医大学02,05,临床医学[临床医师(“5+3”一体化)](只招男生)(体检标准:医疗卫生岗位合格),5,海军军医大学04|临床医学|611；海军军医大学03|临床医学(高级临床医师)(只招女生)(体检标准:医疗卫生岗位合格)|655；海军军医大学03|临床医学(临床通科医师)(只招女生)(体检标准:医疗卫生岗位合格)|643；海军军医大学02|临床医学(高级临床医师)(只招男生)(体检标准:医疗卫生岗位合格)|648；海军军医大学02|临床医学(临床通科医师)(只招男生)(体检标准:医疗卫生岗位合格)|615
物理,天津医科大学,天津医科大学05,12,"临床医学(金显宅特色班)(报考该专业有色觉要求,具体请查阅院校招生章程)",4,"天津医科大学05|临床医学(5+3一体化)(朱宪彝班)(气象台路校区)(报考该专业有色觉要求,具体请查阅院校招生章程)|650；天津医科大学03|临床医学(5+3一体化)|635；天津医科大学03|临床医学(5+3一体化)(儿科学)|635；天津医科大学02|临床医学|599"
物理,江南大学,江南大学10,17,生物工程(筑基领军班),2,江南大学18|生物工程(国家生命科学与技术人才培养基地班)|627；江南大学20|生物工程|618
物理,江南大学,江南大学10,18,自动化(筑基领军班),2,江南大学14|自动化(数字智能卓越创新班)|630；江南大学14|自动化|626
物理,江南大学,江南大学10,16,食品科学与工程(筑基领军班),2,江南大学16|食品科学与工程(食品AI卓越创新班)|637；江南大学17|食品科学与工程|625
物理,空军工程大学,空军工程大学03,15,场站管理工程(航空军需初级指挥与技术军官)(只招男生)(体检标准:通用标准合格),5,空军工程大学01|场站管理工程(航材与救生装备初级指挥军官)(只招男生)(体检标准:通用标准合格)|623；空军工程大学01|场站管理工程(航空军需初级指挥军官)(只招男生)(体检标准:通用标准合格)|619；空军工程大学01|场站管理工程(航空四站初级指挥军官)(只招男生)(体检标准:通用标准合格)|618；空军工程大学01|场站管理工程(机场建设初级指挥与技术军官)(只招男生)(体检标准:通用标准合格)|618；空军工程大学01|场站管理工程(航空四站初级指挥警官)(只招男生)(体检标准:通用标准合格)|617
物理,上海中医药大学,上海中医药大学04,09,中医学(龙华创新班),4,上海中医药大学01|中医学(屠呦呦班)|635；上海中医药大学01|中医学(5+3一体化针灸推拿英语)(该校要求报考该专业外语成绩不低于105分)|631；上海中医药大学01|中医学(5+3一体化汇聚创新班)|631；上海中医药大学01|中医学(5+3一体化)|630
物理,北京化工大学,北京化工大学06,23,工科试验班(智能信息类)(电子信息工程、人工智能),6,"北京化工大学03|工科试验班(卓越工程师学院)(报考该专业有色觉要求,具体请查阅院校招生章程)|625；北京化工大学02|工科试验班(高端装备与智能制造)|618；北京化工大学04|工科试验班(宏德书院)(报考该专业有色觉要求,具体请查阅院校招生章程)|627；北京化工大学04|工科试验班(生物制造高精尖班)(报考该专业有色觉要求,具体请查阅院校招生章程)|624；北京化工大学04|工科试验班(先进材料)|616"
物理,北京化工大学,北京化工大学06,27,理科试验班(物理电科类)(电子科学与技术、应用物理学),2,"北京化工大学02|理科试验班(数学、物理电子与管理)|617；北京化工大学04|理科试验班(绿色化学)(报考该专业有色觉要求,具体请查阅院校招生章程)|614"
物理,北京化工大学,北京化工大学04,11,工科试验班(未来生物科技)[生物制造(领军班)、生物制造(菁英班)],6,"北京化工大学03|工科试验班(卓越工程师学院)(报考该专业有色觉要求,具体请查阅院校招生章程)|625；北京化工大学02|工科试验班(高端装备与智能制造)|618；北京化工大学04|工科试验班(宏德书院)(报考该专业有色觉要求,具体请查阅院校招生章程)|627；北京化工大学04|工科试验班(生物制造高精尖班)(报考该专业有色觉要求,具体请查阅院校招生章程)|624；北京化工大学04|工科试验班(先进材料)|616"
物理,北京化工大学,北京化工大学05,21,工科试验班(生物与医药)(生物工程、生物医学工程、制药工程),6,"北京化工大学03|工科试验班(卓越工程师学院)(报考该专业有色觉要求,具体请查阅院校招生章程)|625；北京化工大学02|工科试验班(高端装备与智能制造)|618；北京化工大学04|工科试验班(宏德书院)(报考该专业有色觉要求,具体请查阅院校招生章程)|627；北京化工大学04|工科试验班(生物制造高精尖班)(报考该专业有色觉要求,具体请查阅院校招生章程)|624；北京化工大学04|工科试验班(先进材料)|616"
物理,北京化工大学,北京化工大学05,20,理科试验班(绿色化学)(应用化学、能源化学、资源化学),2,"北京化工大学02|理科试验班(数学、物理电子与管理)|617；北京化工大学04|理科试验班(绿色化学)(报考该专业有色觉要求,具体请查阅院校招生章程)|614"
物理,北京中医药大学,北京中医药大学05,20,"中医学(岐黄班)(报考该专业有色觉要求,具体请查阅院校招生章程)",5,"北京中医药大学03|中医学(领军人才培养计划)(报考该专业有色觉要求,具体请查阅院校招生章程)|643；北京中医药大学03|中医学(5+3一体化)(卓越班)(报考该专业有色觉要求,具体请查阅院校招生章程)|628；北京中医药大学03|中医学(5+3一体化)(卓越中医儿科班)(报考该专业有色觉要求,具体请查阅院校招生章程)|627；北京中医药大学03|中医学(实验班)(报考该专业有色觉要求,具体请查阅院校招生章程)|612；北京中医药大学03|中医学(报考该专业有色觉要求,具体请查阅院校招生章程)|609"
物理,西北政法大学,西北政法大学03,11,法学(刑事法)(卓越法律人才培养计划),4,西北政法大学02|法学(民商法)|619；西北政法大学02|法学(经济法)|617；西北政法大学02|法学(涉外法治)|615；西北政法大学02|法学(刑事法)|614
物理,西北政法大学,西北政法大学03,10,法学(经济法)(卓越法律人才培养计划),4,西北政法大学02|法学(民商法)|619；西北政法大学02|法学(经济法)|617；西北政法大学02|法学(涉外法治)|615；西北政法大学02|法学(刑事法)|614
物理,西北政法大学,西北政法大学03,12,法学(行政法)(卓越法律人才培养计划),4,西北政法大学02|法学(民商法)|619；西北政法大学02|法学(经济法)|617；西北政法大学02|法学(涉外法治)|615；西北政法大学02|法学(刑事法)|614
物理,陆军工程大学,陆军工程大学01,02,作战指挥(工兵分队指挥军官)(只招男生)(体检标准:通用标准合格),3,陆军工程大学01|作战指挥(船艇初级指挥军官)(只招男生)(体检标准:舰艇岗位合格)|612；陆军工程大学02|作战指挥(侦察兵分队初级指挥军官)(只招男生)(体检标准:通用标准合格)|617；陆军工程大学02|作战指挥(工兵初级指挥军官)(只招男生)(体检标准:通用标准合格)|613
物理,陆军工程大学,陆军工程大学01,01,作战指挥[侦察兵分队指挥军官(特种作战侦察)](只招男生)(体检标准:通用标准合格),3,陆军工程大学01|作战指挥(船艇初级指挥军官)(只招男生)(体检标准:舰艇岗位合格)|612；陆军工程大学02|作战指挥(侦察兵分队初级指挥军官)(只招男生)(体检标准:通用标准合格)|617；陆军工程大学02|作战指挥(工兵初级指挥军官)(只招男生)(体检标准:通用标准合格)|613
物理,陆军工程大学,陆军工程大学01,10,地雷爆破与破障工程(地雷爆破与破障分队指挥军官)(只招男生)(体检标准:通用标准合格),2,陆军工程大学02|地雷爆破与破障工程(地雷爆破与破障分队初级指挥警官)(只招男生)(体检标准:通用标准合格)|614；陆军工程大学02|地雷爆破与破障工程(地雷爆破与破障分队初级指挥军官)(只招男生)(体检标准:通用标准合格)|609
物理,陆军工程大学,陆军工程大学01,09,地雷爆破与破障工程(地雷爆破与破障分队指挥警官)(只招男生)(体检标准:通用标准合格),2,陆军工程大学02|地雷爆破与破障工程(地雷爆破与破障分队初级指挥警官)(只招男生)(体检标准:通用标准合格)|614；陆军工程大学02|地雷爆破与破障工程(地雷爆破与破障分队初级指挥军官)(只招男生)(体检标准:通用标准合格)|609
物理,陆军工程大学,陆军工程大学05,26,网络工程(网络工程初级指挥与技术军官)(只招男生)(体检标准:通信导航岗位合格),2,陆军工程大学10|网络工程(只招英语考生)(全国人防指挥自动化技术工程师)|600；陆军工程大学06|网络工程(网络工程初级指挥军官)(只招男生)(体检标准:通信导航岗位合格)|628
物理,陆军工程大学,陆军工程大学07,34,网络工程(网络工程初级指挥与技术军官)(只招女生)(体检标准:通信导航岗位合格),2,陆军工程大学10|网络工程(只招英语考生)(全国人防指挥自动化技术工程师)|600；陆军工程大学06|网络工程(网络工程初级指挥军官)(只招男生)(体检标准:通信导航岗位合格)|628
物理,陆军工程大学,陆军工程大学04,17,土木工程(防护工程构筑分队指挥军官)(只招男生)(体检标准:通用标准合格),3,陆军工程大学10|土木工程(只招英语考生)(全国人防工程建筑结构设计与施工工程师)|599；陆军工程大学05|土木工程(防护工程构筑分队初级指挥与技术军官)(只招男生)(体检标准:通用标准合格)|619；陆军工程大学05|土木工程(海军陆战队防护工程构筑分队初级指挥军官)(只招男生)(体检标准:通用标准合格)|607
物理,海军大连舰艇学院,海军大连舰艇学院01,09,探测制导与控制技术[舰艇对空(枪炮、导弹)初级指挥军官](只招男生)(体检标准:舰艇岗位合格),2,海军大连舰艇学院01|探测制导与控制技术[舰艇对海、对空(枪炮、导弹)初级指挥军官](只招男生)(体检标准:舰艇岗位合格)|611；海军大连舰艇学院01|探测制导与控制技术(海警舰艇枪炮初级指挥警官)(只招男生)(体检标准:舰艇岗位合格)|611
物理,联勤保障部队工程大学,联勤保障部队工程大学03,10,车辆工程(汽车运输分队指挥军官)(只招男生)(体检标准:通用标准合格),2,联勤保障部队工程大学04|车辆工程(通用车辆装备保障初级技术军官)(只招男生)(体检标准:通用标准合格)|610；联勤保障部队工程大学04|车辆工程(汽车运输分队初级指挥军官)(只招男生)(体检标准:通用标准合格)|607
历史,西北政法大学,西北政法大学02,08,法学(刑事法)(卓越法律人才培养计划),5,西北政法大学01|法学(民商法)|617；西北政法大学01|法学(经济法)|613；西北政法大学01|法学(刑事法)|613；西北政法大学01|法学(涉外法治)|612；西北政法大学01|法学(行政法)|612
历史,西北政法大学,西北政法大学02,06,法学(民商法)(卓越法律人才培养计划),5,西北政法大学01|法学(民商法)|617；西北政法大学01|法学(经济法)|613；西北政法大学01|法学(刑事法)|613；西北政法大学01|法学(涉外法治)|612；西北政法大学01|法学(行政法)|612
历史,西北政法大学,西北政法大学02,07,法学(经济法)(卓越法律人才培养计划),5,西北政法大学01|法学(民商法)|617；西北政法大学01|法学(经济法)|613；西北政法大学01|法学(刑事法)|613；西北政法大学01|法学(涉外法治)|612；西北政法大学01|法学(行政法)|612
历史,西北政法大学,西北政法大学02,09,法学(行政法)(卓越法律人才培养计划),5,西北政法大学01|法学(民商法)|617；西北政法大学01|法学(经济法)|613；西北政法大学01|法学(刑事法)|613；西北政法大学01|法学(涉外法治)|612；西北政法大学01|法学(行政法)|612
物理,武汉理工大学,武汉理工大学05,10,机械类(智能制造)(机械工程、智能制造工程、测控技术与仪器、工业工程),2,武汉理工大学06|机械类(机械工程、智能制造工程、测控技术与仪器、工业工程)(智能制造)|626；武汉理工大学06|机械类(车辆工程、汽车服务工程、能源与动力工程、储能科学与工程)(车辆)|625
物理,南京师范大学,南京师范大学30,A9,"化学(未来教师计划)(师范)(报考该专业有色觉要求,具体请查阅院校招生章程)",2,"南京师范大学31|化学(师范、非师范)(报考该专业有色觉要求,具体请查阅院校招生章程)|605；南京师范大学15|化学(师范、非师范)(报考该专业有色觉要求,具体请查阅院校招生章程)|618"
历史,中国刑事警察学院,中国刑事警察学院03,08,警犬技术(只招男生)(面向铁路公安机关入警就业),2,中国刑事警察学院02|警犬技术(只招女生)(面向地方公安机关入警就业)|629；中国刑事警察学院01|警犬技术(只招男生)(面向地方公安机关入警就业)|603
历史,中国刑事警察学院,中国刑事警察学院04,09,警犬技术(只招女生)(面向铁路公安机关入警就业),2,中国刑事警察学院02|警犬技术(只招女生)(面向地方公安机关入警就业)|629；中国刑事警察学院01|警犬技术(只招男生)(面向地方公安机关入警就业)|603
物理,空军军医大学,空军军医大学01,01,临床医学(航空航天高级临床医师)(只招男生)(体检标准:医疗卫生岗位合格),6,空军军医大学02|临床医学(临床通科医师)(只招女生)(体检标准:医疗卫生岗位合格)|636；空军军医大学02|临床医学(航空航天临床医师)(只招女生)(体检标准:医疗卫生岗位合格)|627；空军军医大学01|临床医学(高级临床医师)(只招男生)(体检标准:医疗卫生岗位合格)|640；空军军医大学01|临床医学(航空航天临床医师)(只招男生)(体检标准:医疗卫生岗位合格)|612；空军军医大学01|临床医学(临床心理医师)(只招男生)(体检标准:医疗卫生岗位合格)|607
物理,西南政法大学,西南政法大学10,25,法学(涉外法治拔尖班)(国际法学院),4,西南政法大学06|法学(科技法学拔尖班)(人工智能法学院)|625；西南政法大学06|法学(法商融合法治人才拔尖班)(民商法学院)|625；西南政法大学06|法学(法律金融拔尖班)(经济法学院)|624；西南政法大学06|法学|607
历史,南京师范大学,南京师范大学11,45,思想政治教育(未来教师计划)(师范),2,南京师范大学11|思想政治教育(师范)|615；南京师范大学04|思想政治教育(师范)|609
物理,火箭军工程大学,火箭军工程大学02,08,指挥信息系统工程(智能信息系统使用管理初级指挥与技术军官)(只招女生)(体检标准:导弹岗位合格),2,火箭军工程大学02|指挥信息系统工程(智能信息系统使用管理初级技术军官)(只招女生)(体检标准:导弹岗位合格)|617；火箭军工程大学01|指挥信息系统工程(智能信息系统使用管理初级技术军官)(只招男生)(体检标准:导弹岗位合格)|609
物理,火箭军工程大学,火箭军工程大学01,05,指挥信息系统工程(智能信息系统使用管理初级指挥与技术军官)(只招男生)(体检标准:导弹岗位合格),2,火箭军工程大学02|指挥信息系统工程(智能信息系统使用管理初级技术军官)(只招女生)(体检标准:导弹岗位合格)|617；火箭军工程大学01|指挥信息系统工程(智能信息系统使用管理初级技术军官)(只招男生)(体检标准:导弹岗位合格)|609
物理,南京师范大学,南京师范大学14,52,能源动力类(能源与动力工程、能源服务工程、能源与环境系统工程),2,南京师范大学29|能源动力类(能源与动力工程、能源与环境系统工程、能源服务工程)|620；南京师范大学15|能源动力类(能源与动力工程、能源与环境系统工程、能源服务工程)|615
物理,南京警察学院,南京警察学院06,23,网络安全与执法(只招男生)(面向长江航运公安机关入警就业),2,南京警察学院04|网络安全与执法(只招女生)(面向地方公安机关入警就业)|630；南京警察学院03|网络安全与执法(只招男生)(面向地方公安机关入警就业)|610
物理,成都中医药大学,成都中医药大学01,01,中医学,2,成都中医药大学02|中医学(李斯炽班)|624；成都中医药大学02|中医学(5+3一体化)|614
物理,长安大学,长安大学10,50,工科试验班(数智科学)(人工智能),9,长安大学04|工科试验班(计算机科学与技术)(计算机长安学堂计划)|623；长安大学04|工科试验班(机器人工程)(机器人长安学堂计划)|619；长安大学04|工科试验班(智能车辆工程)(智能车辆长安学堂计划)|618；长安大学04|工科试验班(智能制造工程)(智能制造长安学堂计划)|617；长安大学04|工科试验班(道路桥梁与渡河工程、交通工程、交通运输、车辆工程、物流工程)(华为班)|617
物理,长安大学,长安大学10,49,工科试验班(智能系统)(人工智能),9,长安大学04|工科试验班(计算机科学与技术)(计算机长安学堂计划)|623；长安大学04|工科试验班(机器人工程)(机器人长安学堂计划)|619；长安大学04|工科试验班(智能车辆工程)(智能车辆长安学堂计划)|618；长安大学04|工科试验班(智能制造工程)(智能制造长安学堂计划)|617；长安大学04|工科试验班(道路桥梁与渡河工程、交通工程、交通运输、车辆工程、物流工程)(华为班)|617
物理,陆军军医大学,陆军军医大学03,08,临床医学(高级临床医师)(只招女生)(体检标准:医疗卫生岗位合格),5,陆军军医大学03|临床医学(临床通科医师)(只招女生)(体检标准:医疗卫生岗位合格)|622；陆军军医大学02|临床医学(高级临床医师)(只招男生)(体检标准:医疗卫生岗位合格)|648；陆军军医大学02|临床医学(临床心理医师)(只招男生)(体检标准:医疗卫生岗位合格)|603；陆军军医大学02|临床医学(临床通科医师)(只招男生)(体检标准:医疗卫生岗位合格)|602；陆军军医大学02|临床医学[临床通科医师(武警)](只招男生)(体检标准:医疗卫生岗位合格)|601
物理,陆军兵种大学,陆军兵种大学01,16,仿真工程(炮兵保障分队指挥军官)(只招男生)(体检标准:通用标准合格),2,陆军兵种大学01|仿真工程(炮兵保障分队初级指挥军官)(只招男生)(体检标准:通用标准合格)|600；陆军兵种大学02|仿真工程(装甲步兵分队初级指挥军官)(只招男生)(体检标准:装甲岗位合格)|600
物理,陆军兵种大学,陆军兵种大学01,17,仿真工程(防空兵保障分队指挥军官)(只招男生)(体检标准:通用标准合格),2,陆军兵种大学01|仿真工程(炮兵保障分队初级指挥军官)(只招男生)(体检标准:通用标准合格)|600；陆军兵种大学02|仿真工程(装甲步兵分队初级指挥军官)(只招男生)(体检标准:装甲岗位合格)|600
物理,陆军兵种大学,陆军兵种大学01,02,作战指挥(炮兵分队指挥军官)(只招男生)(体检标准:通用标准合格),4,陆军兵种大学01|作战指挥(炮兵分队初级指挥军官)(只招男生)(体检标准:通用标准合格)|604；陆军兵种大学01|作战指挥[侦察兵分队初级指挥军官(部队侦察)](只招男生)(体检标准:通用标准合格)|600；陆军兵种大学02|作战指挥(坦克装甲突击分队初级指挥军官)(只招男生)(体检标准:装甲岗位合格)|602；陆军兵种大学03|作战指挥(特种兵分队初级指挥军官)(只招男生)(体检标准:特种作战岗位合格)|594
物理,陆军兵种大学,陆军兵种大学01,01,作战指挥[侦察兵分队指挥军官(特种作战侦察)](只招男生)(体检标准:通用标准合格),4,陆军兵种大学01|作战指挥(炮兵分队初级指挥军官)(只招男生)(体检标准:通用标准合格)|604；陆军兵种大学01|作战指挥[侦察兵分队初级指挥军官(部队侦察)](只招男生)(体检标准:通用标准合格)|600；陆军兵种大学02|作战指挥(坦克装甲突击分队初级指挥军官)(只招男生)(体检标准:装甲岗位合格)|602；陆军兵种大学03|作战指挥(特种兵分队初级指挥军官)(只招男生)(体检标准:特种作战岗位合格)|594
物理,陆军兵种大学,陆军兵种大学01,04,侦察情报(弹炮结合分队指挥军官)(只招男生)(体检标准:通用标准合格),2,陆军兵种大学01|侦察情报(弹炮结合分队初级指挥军官)(只招男生)(体检标准:通用标准合格)|602；陆军兵种大学02|侦察情报(装甲侦察初级指挥军官)(只招男生)(体检标准:装甲岗位合格)|599
物理,陆军兵种大学,陆军兵种大学01,03,侦察情报(炮兵分队指挥军官)(只招男生)(体检标准:通用标准合格),2,陆军兵种大学01|侦察情报(弹炮结合分队初级指挥军官)(只招男生)(体检标准:通用标准合格)|602；陆军兵种大学02|侦察情报(装甲侦察初级指挥军官)(只招男生)(体检标准:装甲岗位合格)|599
物理,陆军兵种大学,陆军兵种大学01,12,导弹工程(反坦克导弹分队指挥军官)(只招男生)(体检标准:通用标准合格),2,陆军兵种大学01|导弹工程(防空导弹分队初级指挥与技术警官)(只招男生)(体检标准:通用标准合格)|604；陆军兵种大学01|导弹工程(防空导弹分队初级指挥军官)(只招男生)(体检标准:通用标准合格)|601
物理,陆军兵种大学,陆军兵种大学01,14,导弹工程(海军陆战队防空导弹分队指挥军官)(只招男生)(体检标准:通用标准合格),2,陆军兵种大学01|导弹工程(防空导弹分队初级指挥与技术警官)(只招男生)(体检标准:通用标准合格)|604；陆军兵种大学01|导弹工程(防空导弹分队初级指挥军官)(只招男生)(体检标准:通用标准合格)|601
物理,陆军兵种大学,陆军兵种大学01,11,导弹工程(防空导弹分队指挥军官)(只招男生)(体检标准:通用标准合格),2,陆军兵种大学01|导弹工程(防空导弹分队初级指挥与技术警官)(只招男生)(体检标准:通用标准合格)|604；陆军兵种大学01|导弹工程(防空导弹分队初级指挥军官)(只招男生)(体检标准:通用标准合格)|601
物理,陆军兵种大学,陆军兵种大学01,13,导弹工程(防空导弹分队指挥警官)(只招男生)(体检标准:通用标准合格),2,陆军兵种大学01|导弹工程(防空导弹分队初级指挥与技术警官)(只招男生)(体检标准:通用标准合格)|604；陆军兵种大学01|导弹工程(防空导弹分队初级指挥军官)(只招男生)(体检标准:通用标准合格)|601
物理,陆军兵种大学,陆军兵种大学01,09,指挥信息系统工程(炮兵保障分队指挥军官)(只招男生)(体检标准:通用标准合格),3,陆军兵种大学01|指挥信息系统工程(防空兵保障分队初级指挥军官)(只招男生)(体检标准:通用标准合格)|605；陆军兵种大学01|指挥信息系统工程(炮兵保障分队初级指挥军官)(只招男生)(体检标准:通用标准合格)|600；陆军兵种大学02|指挥信息系统工程(装甲兵指控通信分队初级指挥军官)(只招男生)(体检标准:装甲岗位合格)|600
物理,陆军兵种大学,陆军兵种大学02,20,作战指挥(坦克装甲突击分队指挥军官)(只招男生)(体检标准:装甲岗位合格),4,陆军兵种大学01|作战指挥(炮兵分队初级指挥军官)(只招男生)(体检标准:通用标准合格)|604；陆军兵种大学01|作战指挥[侦察兵分队初级指挥军官(部队侦察)](只招男生)(体检标准:通用标准合格)|600；陆军兵种大学02|作战指挥(坦克装甲突击分队初级指挥军官)(只招男生)(体检标准:装甲岗位合格)|602；陆军兵种大学03|作战指挥(特种兵分队初级指挥军官)(只招男生)(体检标准:特种作战岗位合格)|594
物理,陆军兵种大学,陆军兵种大学02,22,侦察情报(装甲侦察分队指挥军官)(只招男生)(体检标准:装甲岗位合格),2,陆军兵种大学01|侦察情报(弹炮结合分队初级指挥军官)(只招男生)(体检标准:通用标准合格)|602；陆军兵种大学02|侦察情报(装甲侦察初级指挥军官)(只招男生)(体检标准:装甲岗位合格)|599
物理,陆军兵种大学,陆军兵种大学02,24,指挥信息系统工程(装甲兵指控通信分队指挥军官)(只招男生)(体检标准:装甲岗位合格),3,陆军兵种大学01|指挥信息系统工程(防空兵保障分队初级指挥军官)(只招男生)(体检标准:通用标准合格)|605；陆军兵种大学01|指挥信息系统工程(炮兵保障分队初级指挥军官)(只招男生)(体检标准:通用标准合格)|600；陆军兵种大学02|指挥信息系统工程(装甲兵指控通信分队初级指挥军官)(只招男生)(体检标准:装甲岗位合格)|600
物理,陆军兵种大学,陆军兵种大学02,21,无人系统指挥与控制(坦克装甲突击分队指挥军官)(只招男生)(体检标准:装甲岗位合格),2,陆军兵种大学01|无人系统指挥与控制(炮兵保障分队初级指挥军官)(只招男生)(体检标准:通用标准合格)|621；陆军兵种大学02|无人系统指挥与控制(坦克装甲突击分队初级指挥军官)(只招男生)(体检标准:装甲岗位合格)|600
物理,陆军兵种大学,陆军兵种大学03,27,作战指挥(特种兵分队指挥军官)(只招男生)(体检标准:特种作战岗位合格),4,陆军兵种大学01|作战指挥(炮兵分队初级指挥军官)(只招男生)(体检标准:通用标准合格)|604；陆军兵种大学01|作战指挥[侦察兵分队初级指挥军官(部队侦察)](只招男生)(体检标准:通用标准合格)|600；陆军兵种大学02|作战指挥(坦克装甲突击分队初级指挥军官)(只招男生)(体检标准:装甲岗位合格)|602；陆军兵种大学03|作战指挥(特种兵分队初级指挥军官)(只招男生)(体检标准:特种作战岗位合格)|594
物理,陆军兵种大学,陆军兵种大学04,28,作战指挥(特种兵分队指挥军官)(只招女生)(体检标准:特种作战岗位合格),4,陆军兵种大学01|作战指挥(炮兵分队初级指挥军官)(只招男生)(体检标准:通用标准合格)|604；陆军兵种大学01|作战指挥[侦察兵分队初级指挥军官(部队侦察)](只招男生)(体检标准:通用标准合格)|600；陆军兵种大学02|作战指挥(坦克装甲突击分队初级指挥军官)(只招男生)(体检标准:装甲岗位合格)|602；陆军兵种大学03|作战指挥(特种兵分队初级指挥军官)(只招男生)(体检标准:特种作战岗位合格)|594
物理,陆军兵种大学,陆军兵种大学05,29,无人系统指挥与控制(炮兵保障分队指挥军官)(只招女生)(体检标准:通用标准合格),2,陆军兵种大学01|无人系统指挥与控制(炮兵保障分队初级指挥军官)(只招男生)(体检标准:通用标准合格)|621；陆军兵种大学02|无人系统指挥与控制(坦克装甲突击分队初级指挥军官)(只招男生)(体检标准:装甲岗位合格)|600
物理,陆军兵种大学,陆军兵种大学06,39,弹药工程与爆炸技术(炮兵分队指挥军官)(只招男生)(体检标准:通用标准合格),2,陆军兵种大学04|弹药工程与爆炸技术(防空导弹分队初级指挥军官)(只招男生)(体检标准:通用标准合格)|603；陆军兵种大学04|弹药工程与爆炸技术(炮兵分队初级指挥军官)(只招男生)(体检标准:通用标准合格)|601
物理,陆军兵种大学,陆军兵种大学06,38,弹药工程与爆炸技术(防空导弹分队指挥军官)(只招男生)(体检标准:通用标准合格),2,陆军兵种大学04|弹药工程与爆炸技术(防空导弹分队初级指挥军官)(只招男生)(体检标准:通用标准合格)|603；陆军兵种大学04|弹药工程与爆炸技术(炮兵分队初级指挥军官)(只招男生)(体检标准:通用标准合格)|601
物理,陆军兵种大学,陆军兵种大学06,37,武器系统与工程(弹炮结合分队指挥军官)(只招男生)(体检标准:通用标准合格),5,陆军兵种大学04|武器系统与工程(海军陆战队炮兵分队初级指挥军官)(只招男生)(体检标准:通用标准合格)|604；陆军兵种大学04|武器系统与工程(空军空降兵炮兵分队初级指挥军官)(只招男生)(体检标准:通用标准合格)|602；陆军兵种大学04|武器系统与工程(炮兵分队初级指挥军官)(只招男生)(体检标准:通用标准合格)|601；陆军兵种大学04|武器系统与工程(弹炮结合分队初级指挥军官)(只招男生)(体检标准:通用标准合格)|600；陆军兵种大学05|武器系统与工程(装甲步兵分队初级指挥军官)(只招男生)(体检标准:装甲岗位合格)|598
物理,陆军兵种大学,陆军兵种大学06,36,武器系统与工程(海军陆战队炮兵分队指挥军官)(只招男生)(体检标准:通用标准合格),5,陆军兵种大学04|武器系统与工程(海军陆战队炮兵分队初级指挥军官)(只招男生)(体检标准:通用标准合格)|604；陆军兵种大学04|武器系统与工程(空军空降兵炮兵分队初级指挥军官)(只招男生)(体检标准:通用标准合格)|602；陆军兵种大学04|武器系统与工程(炮兵分队初级指挥军官)(只招男生)(体检标准:通用标准合格)|601；陆军兵种大学04|武器系统与工程(弹炮结合分队初级指挥军官)(只招男生)(体检标准:通用标准合格)|600；陆军兵种大学05|武器系统与工程(装甲步兵分队初级指挥军官)(只招男生)(体检标准:装甲岗位合格)|598
物理,陆军兵种大学,陆军兵种大学06,35,武器系统与工程(空降兵炮兵分队指挥军官)(只招男生)(体检标准:通用标准合格),5,陆军兵种大学04|武器系统与工程(海军陆战队炮兵分队初级指挥军官)(只招男生)(体检标准:通用标准合格)|604；陆军兵种大学04|武器系统与工程(空军空降兵炮兵分队初级指挥军官)(只招男生)(体检标准:通用标准合格)|602；陆军兵种大学04|武器系统与工程(炮兵分队初级指挥军官)(只招男生)(体检标准:通用标准合格)|601；陆军兵种大学04|武器系统与工程(弹炮结合分队初级指挥军官)(只招男生)(体检标准:通用标准合格)|600；陆军兵种大学05|武器系统与工程(装甲步兵分队初级指挥军官)(只招男生)(体检标准:装甲岗位合格)|598
物理,陆军兵种大学,陆军兵种大学06,34,计算机科学与技术(炮兵分队指挥军官)(只招男生)(体检标准:通用标准合格),2,陆军兵种大学04|计算机科学与技术(防空导弹分队初级指挥军官)(只招男生)(体检标准:通用标准合格)|604；陆军兵种大学04|计算机科学与技术(炮兵分队初级指挥军官)(只招男生)(体检标准:通用标准合格)|602
物理,陆军兵种大学,陆军兵种大学06,33,计算机科学与技术(防空导弹分队指挥军官)(只招男生)(体检标准:通用标准合格),2,陆军兵种大学04|计算机科学与技术(防空导弹分队初级指挥军官)(只招男生)(体检标准:通用标准合格)|604；陆军兵种大学04|计算机科学与技术(炮兵分队初级指挥军官)(只招男生)(体检标准:通用标准合格)|602
物理,陆军兵种大学,陆军兵种大学06,32,通信工程(炮兵保障分队指挥军官)(只招男生)(体检标准:通用标准合格),3,陆军兵种大学04|通信工程(炮兵保障分队初级指挥军官)(只招男生)(体检标准:通用标准合格)|607；陆军兵种大学04|通信工程(防空兵保障分队初级指挥军官)(只招男生)(体检标准:通用标准合格)|606；陆军兵种大学05|通信工程(坦克装甲突击分队初级指挥军官)(只招男生)(体检标准:装甲岗位合格)|599
物理,陆军兵种大学,陆军兵种大学07,46,武器系统与工程(装甲步兵分队指挥军官)(只招男生)(体检标准:装甲岗位合格),5,陆军兵种大学04|武器系统与工程(海军陆战队炮兵分队初级指挥军官)(只招男生)(体检标准:通用标准合格)|604；陆军兵种大学04|武器系统与工程(空军空降兵炮兵分队初级指挥军官)(只招男生)(体检标准:通用标准合格)|602；陆军兵种大学04|武器系统与工程(炮兵分队初级指挥军官)(只招男生)(体检标准:通用标准合格)|601；陆军兵种大学04|武器系统与工程(弹炮结合分队初级指挥军官)(只招男生)(体检标准:通用标准合格)|600；陆军兵种大学05|武器系统与工程(装甲步兵分队初级指挥军官)(只招男生)(体检标准:装甲岗位合格)|598
物理,陆军兵种大学,陆军兵种大学07,43,电气工程与智能控制(装甲步兵分队指挥警官)(只招男生)(体检标准:装甲岗位合格),2,陆军兵种大学05|电气工程与智能控制(装甲兵分队初级指挥警官)(只招男生)(体检标准:装甲岗位合格)|600；陆军兵种大学05|电气工程与智能控制(装甲步兵分队初级指挥军官)(只招男生)(体检标准:装甲岗位合格)|598
物理,陆军兵种大学,陆军兵种大学07,44,通信工程(坦克装甲突击分队指挥军官)(只招男生)(体检标准:装甲岗位合格),3,陆军兵种大学04|通信工程(炮兵保障分队初级指挥军官)(只招男生)(体检标准:通用标准合格)|607；陆军兵种大学04|通信工程(防空兵保障分队初级指挥军官)(只招男生)(体检标准:通用标准合格)|606；陆军兵种大学05|通信工程(坦克装甲突击分队初级指挥军官)(只招男生)(体检标准:装甲岗位合格)|599
物理,武警工程大学,武警工程大学03,09,信息安全(机动分队指挥警官)(只招男生)(体检标准:通用标准合格),2,武警工程大学04|信息安全(通信网络初级技术警官)(只招男生)(体检标准:通信导航岗位合格)|609；武警工程大学03|信息安全(机动分队初级指挥警官)(只招男生)(体检标准:通用标准合格)|604
物理,武警工程大学,武警工程大学03,17,管理科学(保障分队指挥警官)(只招男生)(体检标准:通用标准合格),2,武警工程大学03|管理科学(保障分队初级指挥警官)(只招男生)(体检标准:通用标准合格)|600；武警工程大学03|管理科学(执勤分队初级指挥警官)(只招男生)(体检标准:通用标准合格)|598
物理,武警工程大学,武警工程大学03,18,管理科学(执勤分队指挥警官)(只招男生)(体检标准:通用标准合格),2,武警工程大学03|管理科学(保障分队初级指挥警官)(只招男生)(体检标准:通用标准合格)|600；武警工程大学03|管理科学(执勤分队初级指挥警官)(只招男生)(体检标准:通用标准合格)|598
物理,武警工程大学,武警工程大学03,07,通信工程(执勤分队指挥警官)(只招男生)(体检标准:通用标准合格),3,武警工程大学05|通信工程(通信网络初级指挥与技术警官)(只招女生)(体检标准:通信导航岗位合格)|616；武警工程大学04|通信工程(通信网络初级指挥与技术警官)(只招男生)(体检标准:通信导航岗位合格)|613；武警工程大学03|通信工程(执勤分队初级指挥警官)(只招男生)(体检标准:通用标准合格)|618
物理,武警工程大学,武警工程大学01,02,法学(执勤分队指挥警官)(只招男生)(体检标准:通用标准合格),3,武警工程大学02|法学(海警执法初级指挥警官)(只招女生)(体检标准:通用标准合格)|616；武警工程大学01|法学(执勤分队初级指挥警官)(只招男生)(体检标准:通用标准合格)|602；武警工程大学01|法学(海警执法初级指挥警官)(只招男生)(体检标准:通用标准合格)|598
历史,上海政法学院,上海政法学院02,11,法学(行政法方向),9,上海政法学院02|法学(涉外卓越律师人才培养试点班)|611；上海政法学院02|法学(涉外卓越法律人才培养创新班)|611；上海政法学院02|法学(卓越法律人才培养创新班)|611；上海政法学院01|法学(民商法)|609；上海政法学院01|法学(刑事司法)|608
物理,南京信息工程大学,南京信息工程大学21,41,遥感科学与技术(科教融合拔尖班),2,南京信息工程大学11|遥感科学与技术(中国科学院大学参与教学)|605；南京信息工程大学11|遥感科学与技术|593
物理,中国人民警察大学,中国人民警察大学07,22,公安情报学(只招男生)(面向铁路公安机关入警就业),3,中国人民警察大学08|公安情报学(只招女生)(面向地方公安机关入警就业)|606；中国人民警察大学07|公安情报学(只招男生)(面向地方公安机关入警就业)|578；中国人民警察大学09|公安情报学(只招男生)(面向长江航运公安机关入警就业)|575
历史,苏州大学,苏州大学02,03,社会工作,2,苏州大学09|社会工作|601；苏州大学01|社会工作|600
历史,苏州大学,苏州大学03,04,日语(只招英语考生),2,苏州大学12|日语(只招英语考生)|596；苏州大学01|日语(只招英语考生)|599
历史,苏州大学,苏州大学03,05,翻译(只招英语考生),2,苏州大学12|翻译(只招英语考生)|597；苏州大学01|翻译(只招英语考生)|599
历史,中央司法警官学院,中央司法警官学院03,06,监狱学(劳动改造方向)(只招男生),5,中央司法警官学院02|监狱学(矫正教育)(只招女生)|619；中央司法警官学院02|监狱学(劳动改造)(只招女生)|618；中央司法警官学院01|监狱学(只招男生)|604；中央司法警官学院01|监狱学(矫正教育)(只招男生)|595；中央司法警官学院01|监狱学(政治工作)(只招男生)|594
物理,中国民航大学,中国民航大学04,18,工科试验班(低空技术与无人机系统类)(无人驾驶航空器系统工程、低空技术与工程)(宁河校区),6,中国民航大学04|工科试验班(飞行器动力工程)(中欧航空工程师)(报考该专业须查阅院校招生章程)|610；中国民航大学04|工科试验班(交通运输、智慧交通)(智慧空中交通管制)|603；中国民航大学04|工科试验班(飞行器动力工程、飞行器制造工程、机械电子工程、材料科学与工程、飞行器设计与工程、新能源科学与工程、油气储运工程)(航空航天)|599；中国民航大学04|工科试验班(计算机科学与技术、人工智能)(智能与计算机)|598；中国民航大学04|工科试验班(安全工程、应急技术与管理)(民航安全与应急类)|593
物理,中国民航大学,中国民航大学04,17,工科试验班(智慧机场类)(宁河校区)[交通工程(机场规划与运行)、土木工程(机场工程)],6,中国民航大学04|工科试验班(飞行器动力工程)(中欧航空工程师)(报考该专业须查阅院校招生章程)|610；中国民航大学04|工科试验班(交通运输、智慧交通)(智慧空中交通管制)|603；中国民航大学04|工科试验班(飞行器动力工程、飞行器制造工程、机械电子工程、材料科学与工程、飞行器设计与工程、新能源科学与工程、油气储运工程)(航空航天)|599；中国民航大学04|工科试验班(计算机科学与技术、人工智能)(智能与计算机)|598；中国民航大学04|工科试验班(安全工程、应急技术与管理)(民航安全与应急类)|593
物理,中国民航大学,中国民航大学05,22,工科试验班(航空航天)[飞行器动力工程(航空发动机)、飞行器制造工程(飞机结构与系统)、飞行器设计与工程、空天智能电推进技术],6,中国民航大学04|工科试验班(飞行器动力工程)(中欧航空工程师)(报考该专业须查阅院校招生章程)|610；中国民航大学04|工科试验班(交通运输、智慧交通)(智慧空中交通管制)|603；中国民航大学04|工科试验班(飞行器动力工程、飞行器制造工程、机械电子工程、材料科学与工程、飞行器设计与工程、新能源科学与工程、油气储运工程)(航空航天)|599；中国民航大学04|工科试验班(计算机科学与技术、人工智能)(智能与计算机)|598；中国民航大学04|工科试验班(安全工程、应急技术与管理)(民航安全与应急类)|593
物理,苏州大学,苏州大学21,44,应用心理学,2,苏州大学28|应用心理学|607；苏州大学14|应用心理学|605
物理,苏州大学,苏州大学22,45,化学,3,苏州大学19|化学(拔尖创新班)|635；苏州大学32|化学|612；苏州大学15|化学|611
物理,苏州大学,苏州大学22,47,化学工程与工艺,2,苏州大学32|化学工程与工艺|612；苏州大学15|化学工程与工艺|611
物理,苏州大学,苏州大学23,48,服装设计与工程,2,苏州大学34|服装设计与工程|604；苏州大学15|服装设计与工程|609
物理,苏州大学,苏州大学24,49,冶金工程,2,苏州大学33|冶金工程|610；苏州大学15|冶金工程|608
物理,苏州大学,苏州大学25,52,医学检验技术,2,苏州大学37|医学检验技术|612；苏州大学16|医学检验技术|610
物理,苏州大学,苏州大学25,51,预防医学,5,苏州大学37|预防医学|602；苏州大学16|预防医学|612；苏州大学18|预防医学(为常州市金坛区定向培养)|598；苏州大学18|预防医学(为苏州市相城区定向培养)|594；苏州大学18|预防医学(为镇江市丹徒区定向培养)|579
物理,苏州大学,苏州大学34,68,临床医学(为南京市六合区定向培养),6,"苏州大学21|临床医学(5+3一体化)|639；苏州大学35|临床医学|631；苏州大学35|临床医学(5+3一体化,儿科学)|624；苏州大学18|临床医学(为苏州市常熟市定向培养)|606；苏州大学18|临床医学(为苏州市太仓市定向培养)|596"
物理,苏州大学,苏州大学34,67,临床医学(为南京市溧水区定向培养),6,"苏州大学21|临床医学(5+3一体化)|639；苏州大学35|临床医学|631；苏州大学35|临床医学(5+3一体化,儿科学)|624；苏州大学18|临床医学(为苏州市常熟市定向培养)|606；苏州大学18|临床医学(为苏州市太仓市定向培养)|596"
物理,苏州大学,苏州大学34,71,临床医学(为泰州市兴化市定向培养),6,"苏州大学21|临床医学(5+3一体化)|639；苏州大学35|临床医学|631；苏州大学35|临床医学(5+3一体化,儿科学)|624；苏州大学18|临床医学(为苏州市常熟市定向培养)|606；苏州大学18|临床医学(为苏州市太仓市定向培养)|596"
物理,苏州大学,苏州大学34,70,临床医学(为泰州市泰兴市定向培养),6,"苏州大学21|临床医学(5+3一体化)|639；苏州大学35|临床医学|631；苏州大学35|临床医学(5+3一体化,儿科学)|624；苏州大学18|临床医学(为苏州市常熟市定向培养)|606；苏州大学18|临床医学(为苏州市太仓市定向培养)|596"
物理,苏州大学,苏州大学34,69,临床医学(为苏州市张家港市定向培养),6,"苏州大学21|临床医学(5+3一体化)|639；苏州大学35|临床医学|631；苏州大学35|临床医学(5+3一体化,儿科学)|624；苏州大学18|临床医学(为苏州市常熟市定向培养)|606；苏州大学18|临床医学(为苏州市太仓市定向培养)|596"
物理,南京林业大学,南京林业大学03,21,智能建造,2,南京林业大学12|智能建造|574；南京林业大学15|智能建造(淮安校区)|552
物理,上海政法学院,上海政法学院06,30,法学(经济法方向),8,上海政法学院05|法学(涉外卓越法律人才培养创新班)|610；上海政法学院05|法学(卓越法律人才培养创新班)|610；上海政法学院05|法学(涉外卓越律师人才培养试点班)|609；上海政法学院04|法学(刑事司法)|607；上海政法学院04|法学(民商法)|598
物理,郑州警察学院,郑州警察学院07,12,网络安全与执法(只招男生)(面向地方公安机关入警就业),2,郑州警察学院04|网络安全与执法(只招女生)(面向铁路公安机关入警就业)|628；郑州警察学院03|网络安全与执法(只招男生)(面向铁路公安机关入警就业)|608
物理,郑州警察学院,郑州警察学院08,13,网络安全与执法(只招女生)(面向地方公安机关入警就业),2,郑州警察学院04|网络安全与执法(只招女生)(面向铁路公安机关入警就业)|628；郑州警察学院03|网络安全与执法(只招男生)(面向铁路公安机关入警就业)|608
物理,陆军步兵学院,陆军步兵学院03,07,作战指挥(摩托化步兵分队指挥军官)(只招男生)(体检标准:通用标准合格),5,陆军步兵学院02|作战指挥(警卫勤务分队初级指挥军官)(只招男生)(体检标准:通用标准合格)|596；陆军步兵学院02|作战指挥(步兵侦察分队初级指挥军官)(只招男生)(体检标准:通用标准合格)|596；陆军步兵学院02|作战指挥(轻便炮兵分队初级指挥军官)(只招男生)(体检标准:通用标准合格)|596；陆军步兵学院02|作战指挥(海军陆战队警卫勤务分队初级指挥军官)(只招男生)(体检标准:通用标准合格)|596；陆军步兵学院03|作战指挥(空降兵分队初级指挥军官)(只招男生)(体检标准:机降岗位合格)|591
物理,陆军步兵学院,陆军步兵学院03,04,作战指挥(步兵侦察分队指挥军官)(只招男生)(体检标准:通用标准合格),5,陆军步兵学院02|作战指挥(警卫勤务分队初级指挥军官)(只招男生)(体检标准:通用标准合格)|596；陆军步兵学院02|作战指挥(步兵侦察分队初级指挥军官)(只招男生)(体检标准:通用标准合格)|596；陆军步兵学院02|作战指挥(轻便炮兵分队初级指挥军官)(只招男生)(体检标准:通用标准合格)|596；陆军步兵学院02|作战指挥(海军陆战队警卫勤务分队初级指挥军官)(只招男生)(体检标准:通用标准合格)|596；陆军步兵学院03|作战指挥(空降兵分队初级指挥军官)(只招男生)(体检标准:机降岗位合格)|591
物理,陆军步兵学院,陆军步兵学院03,03,作战指挥(海军陆战队警卫勤务分队指挥军官)(只招男生)(体检标准:通用标准合格),5,陆军步兵学院02|作战指挥(警卫勤务分队初级指挥军官)(只招男生)(体检标准:通用标准合格)|596；陆军步兵学院02|作战指挥(步兵侦察分队初级指挥军官)(只招男生)(体检标准:通用标准合格)|596；陆军步兵学院02|作战指挥(轻便炮兵分队初级指挥军官)(只招男生)(体检标准:通用标准合格)|596；陆军步兵学院02|作战指挥(海军陆战队警卫勤务分队初级指挥军官)(只招男生)(体检标准:通用标准合格)|596；陆军步兵学院03|作战指挥(空降兵分队初级指挥军官)(只招男生)(体检标准:机降岗位合格)|591
物理,陆军步兵学院,陆军步兵学院03,06,作战指挥(警卫勤务分队指挥军官)(只招男生)(体检标准:通用标准合格),5,陆军步兵学院02|作战指挥(警卫勤务分队初级指挥军官)(只招男生)(体检标准:通用标准合格)|596；陆军步兵学院02|作战指挥(步兵侦察分队初级指挥军官)(只招男生)(体检标准:通用标准合格)|596；陆军步兵学院02|作战指挥(轻便炮兵分队初级指挥军官)(只招男生)(体检标准:通用标准合格)|596；陆军步兵学院02|作战指挥(海军陆战队警卫勤务分队初级指挥军官)(只招男生)(体检标准:通用标准合格)|596；陆军步兵学院03|作战指挥(空降兵分队初级指挥军官)(只招男生)(体检标准:机降岗位合格)|591
物理,陆军步兵学院,陆军步兵学院03,09,作战指挥(轻便炮兵分队指挥军官)(只招男生)(体检标准:通用标准合格),5,陆军步兵学院02|作战指挥(警卫勤务分队初级指挥军官)(只招男生)(体检标准:通用标准合格)|596；陆军步兵学院02|作战指挥(步兵侦察分队初级指挥军官)(只招男生)(体检标准:通用标准合格)|596；陆军步兵学院02|作战指挥(轻便炮兵分队初级指挥军官)(只招男生)(体检标准:通用标准合格)|596；陆军步兵学院02|作战指挥(海军陆战队警卫勤务分队初级指挥军官)(只招男生)(体检标准:通用标准合格)|596；陆军步兵学院03|作战指挥(空降兵分队初级指挥军官)(只招男生)(体检标准:机降岗位合格)|591
物理,陆军步兵学院,陆军步兵学院03,08,作战指挥(轻便炮兵分队指挥警官)(只招男生)(体检标准:通用标准合格),5,陆军步兵学院02|作战指挥(警卫勤务分队初级指挥军官)(只招男生)(体检标准:通用标准合格)|596；陆军步兵学院02|作战指挥(步兵侦察分队初级指挥军官)(只招男生)(体检标准:通用标准合格)|596；陆军步兵学院02|作战指挥(轻便炮兵分队初级指挥军官)(只招男生)(体检标准:通用标准合格)|596；陆军步兵学院02|作战指挥(海军陆战队警卫勤务分队初级指挥军官)(只招男生)(体检标准:通用标准合格)|596；陆军步兵学院03|作战指挥(空降兵分队初级指挥军官)(只招男生)(体检标准:机降岗位合格)|591
物理,陆军步兵学院,陆军步兵学院03,05,作战指挥(边防分队指挥军官)(只招男生)(体检标准:通用标准合格),5,陆军步兵学院02|作战指挥(警卫勤务分队初级指挥军官)(只招男生)(体检标准:通用标准合格)|596；陆军步兵学院02|作战指挥(步兵侦察分队初级指挥军官)(只招男生)(体检标准:通用标准合格)|596；陆军步兵学院02|作战指挥(轻便炮兵分队初级指挥军官)(只招男生)(体检标准:通用标准合格)|596；陆军步兵学院02|作战指挥(海军陆战队警卫勤务分队初级指挥军官)(只招男生)(体检标准:通用标准合格)|596；陆军步兵学院03|作战指挥(空降兵分队初级指挥军官)(只招男生)(体检标准:机降岗位合格)|591
物理,陆军步兵学院,陆军步兵学院05,12,作战指挥(特种兵分队指挥军官)(只招男生)(体检标准:特种作战岗位合格),5,陆军步兵学院02|作战指挥(警卫勤务分队初级指挥军官)(只招男生)(体检标准:通用标准合格)|596；陆军步兵学院02|作战指挥(步兵侦察分队初级指挥军官)(只招男生)(体检标准:通用标准合格)|596；陆军步兵学院02|作战指挥(轻便炮兵分队初级指挥军官)(只招男生)(体检标准:通用标准合格)|596；陆军步兵学院02|作战指挥(海军陆战队警卫勤务分队初级指挥军官)(只招男生)(体检标准:通用标准合格)|596；陆军步兵学院03|作战指挥(空降兵分队初级指挥军官)(只招男生)(体检标准:机降岗位合格)|591
物理,南京航空航天大学,南京航空航天大学04,38,大数据管理与应用,2,南京航空航天大学05|大数据管理与应用(拔尖创新班)|649；南京航空航天大学06|大数据管理与应用|645
物理,南京航空航天大学,南京航空航天大学04,22,电子信息类(电子信息科学与技术、信息工程),2,南京航空航天大学05|电子信息类(电子信息科学与技术、信息工程)(拔尖创新班)|649；南京航空航天大学06|电子信息类(电子信息科学与技术、信息工程)|645
物理,徐州医科大学,徐州医科大学02,06,麻醉学(为南通市海门区定向培养),24,徐州医科大学08|麻醉学(卓越班)|632；徐州医科大学09|麻醉学|602；徐州医科大学02|麻醉学(为盐城市大丰区定向培养)|610；徐州医科大学02|麻醉学(为宿迁市宿豫区定向培养)|610；徐州医科大学02|麻醉学(为镇江市扬中市定向培养)|605
物理,徐州医科大学,徐州医科大学02,10,麻醉学(为连云港市海州区定向培养),24,徐州医科大学08|麻醉学(卓越班)|632；徐州医科大学09|麻醉学|602；徐州医科大学02|麻醉学(为盐城市大丰区定向培养)|610；徐州医科大学02|麻醉学(为宿迁市宿豫区定向培养)|610；徐州医科大学02|麻醉学(为镇江市扬中市定向培养)|605
物理,西南政法大学,西南政法大学08,19,法学(两江校区),4,西南政法大学06|法学(科技法学拔尖班)(人工智能法学院)|625；西南政法大学06|法学(法商融合法治人才拔尖班)(民商法学院)|625；西南政法大学06|法学(法律金融拔尖班)(经济法学院)|624；西南政法大学06|法学|607
历史,西南政法大学,西南政法大学02,02,法学(两江校区),4,西南政法大学02|法学(法律金融拔尖班)(经济法学院)|630；西南政法大学02|法学(法商融合法治人才拔尖班)(民商法学院)|630；西南政法大学02|法学(涉外法治拔尖班)(国际法学院)|625；西南政法大学02|法学|617
物理,南京医科大学,南京医科大学19,38,眼视光医学(数智创新班),2,南京医科大学07|眼视光医学|594；南京医科大学02|眼视光医学|620
物理,沈阳药科大学,沈阳药科大学02,06,药学(日语强化班)(培养模式详询院校),3,沈阳药科大学01|药学(理科基地班)(校本部)|609；沈阳药科大学01|药学(英语强化班)|598；沈阳药科大学01|药学|591
物理,南通大学,南通大学07,35,临床医学(为南通市如东县定向培养),6,南通大学24|临床医学|595；南通大学09|临床医学(为南通市海门区定向培养)|600；南通大学09|临床医学(为南通市如皋市定向培养)|590；南通大学09|临床医学(为南通市海安市定向培养)|586；南通大学09|临床医学(为南通市通州区定向培养)|580
物理,南通大学,南通大学07,42,临床医学(为泰州市姜堰区定向培养),6,南通大学24|临床医学|595；南通大学09|临床医学(为南通市海门区定向培养)|600；南通大学09|临床医学(为南通市如皋市定向培养)|590；南通大学09|临床医学(为南通市海安市定向培养)|586；南通大学09|临床医学(为南通市通州区定向培养)|580
物理,南通大学,南通大学07,43,临床医学(为泰州市海陵区定向培养),6,南通大学24|临床医学|595；南通大学09|临床医学(为南通市海门区定向培养)|600；南通大学09|临床医学(为南通市如皋市定向培养)|590；南通大学09|临床医学(为南通市海安市定向培养)|586；南通大学09|临床医学(为南通市通州区定向培养)|580
物理,南通大学,南通大学07,40,临床医学(为淮安市洪泽区定向培养),6,南通大学24|临床医学|595；南通大学09|临床医学(为南通市海门区定向培养)|600；南通大学09|临床医学(为南通市如皋市定向培养)|590；南通大学09|临床医学(为南通市海安市定向培养)|586；南通大学09|临床医学(为南通市通州区定向培养)|580
物理,南通大学,南通大学07,41,临床医学(为盐城市大丰区定向培养),6,南通大学24|临床医学|595；南通大学09|临床医学(为南通市海门区定向培养)|600；南通大学09|临床医学(为南通市如皋市定向培养)|590；南通大学09|临床医学(为南通市海安市定向培养)|586；南通大学09|临床医学(为南通市通州区定向培养)|580
物理,江苏大学,江苏大学14,41,临床医学(为宿迁市泗阳县定向培养),13,江苏大学18|临床医学|590；江苏大学05|临床医学|598；江苏大学13|临床医学(为无锡市宜兴市定向培养)|609；江苏大学13|临床医学(为苏州市吴江区定向培养)|599；江苏大学13|临床医学(为苏州市吴中区定向培养)|598
物理,江苏大学,江苏大学14,37,临床医学(为常州市武进区定向培养),13,江苏大学18|临床医学|590；江苏大学05|临床医学|598；江苏大学13|临床医学(为无锡市宜兴市定向培养)|609；江苏大学13|临床医学(为苏州市吴江区定向培养)|599；江苏大学13|临床医学(为苏州市吴中区定向培养)|598
物理,江苏大学,江苏大学14,38,临床医学(为常州市溧阳市定向培养),13,江苏大学18|临床医学|590；江苏大学05|临床医学|598；江苏大学13|临床医学(为无锡市宜兴市定向培养)|609；江苏大学13|临床医学(为苏州市吴江区定向培养)|599；江苏大学13|临床医学(为苏州市吴中区定向培养)|598
物理,扬州大学,扬州大学21,59,临床医学(为徐州市新沂市定向培养),15,扬州大学41|临床医学|583；扬州大学23|临床医学(为盐城市盐都区定向培养)|606；扬州大学23|临床医学(为盐城市响水县定向培养)|605；扬州大学23|临床医学(为扬州市邗江区定向培养)|603；扬州大学23|临床医学(为徐州市沛县定向培养)|597
历史,南京中医药大学,南京中医药大学01,02,中医学(为南通市如皋市定向培养)(在泰州市泰州校区学习),11,南京中医药大学02|中医学|601；南京中医药大学01|中医学(在泰州市泰州校区学习)(为泰州市泰兴市定向培养)|593；南京中医药大学01|中医学(在泰州市泰州校区学习)(为南通市通州区定向培养)|590；南京中医药大学01|中医学(在泰州市泰州校区学习)(为南京市溧水区定向培养)|587；南京中医药大学01|中医学(在泰州市泰州校区学习)(为宿迁市沭阳县定向培养)|585
历史,南京中医药大学,南京中医药大学01,03,中医学(为南通市海门区定向培养)(在泰州市泰州校区学习),11,南京中医药大学02|中医学|601；南京中医药大学01|中医学(在泰州市泰州校区学习)(为泰州市泰兴市定向培养)|593；南京中医药大学01|中医学(在泰州市泰州校区学习)(为南通市通州区定向培养)|590；南京中医药大学01|中医学(在泰州市泰州校区学习)(为南京市溧水区定向培养)|587；南京中医药大学01|中医学(在泰州市泰州校区学习)(为宿迁市沭阳县定向培养)|585
历史,南京中医药大学,南京中医药大学01,06,中医学(为连云港市海州区定向培养)(在泰州市泰州校区学习),11,南京中医药大学02|中医学|601；南京中医药大学01|中医学(在泰州市泰州校区学习)(为泰州市泰兴市定向培养)|593；南京中医药大学01|中医学(在泰州市泰州校区学习)(为南通市通州区定向培养)|590；南京中医药大学01|中医学(在泰州市泰州校区学习)(为南京市溧水区定向培养)|587；南京中医药大学01|中医学(在泰州市泰州校区学习)(为宿迁市沭阳县定向培养)|585
历史,南京中医药大学,南京中医药大学01,04,中医学(为连云港市灌云县定向培养)(在泰州市泰州校区学习),11,南京中医药大学02|中医学|601；南京中医药大学01|中医学(在泰州市泰州校区学习)(为泰州市泰兴市定向培养)|593；南京中医药大学01|中医学(在泰州市泰州校区学习)(为南通市通州区定向培养)|590；南京中医药大学01|中医学(在泰州市泰州校区学习)(为南京市溧水区定向培养)|587；南京中医药大学01|中医学(在泰州市泰州校区学习)(为宿迁市沭阳县定向培养)|585
历史,南京警察学院,南京警察学院03,13,公安情报学(只招男生)(面向长江航运公安机关入警就业),2,南京警察学院02|公安情报学(只招女生)(面向地方公安机关入警就业)|621；南京警察学院01|公安情报学(只招男生)(面向地方公安机关入警就业)|573
历史,南京警察学院,南京警察学院03,14,警务指挥与战术(特警方向)(只招男生)(面向长江航运公安机关入警就业),2,南京警察学院02|警务指挥与战术(特警方向)(只招女生)(面向地方公安机关入警就业)|620；南京警察学院01|警务指挥与战术(特警方向)(只招男生)(面向地方公安机关入警就业)|569
物理,南京中医药大学,南京中医药大学08,22,中医学(为南京市栖霞区定向培养)(在泰州市泰州校区学习),46,"南京中医药大学09|中医学(拔尖创新人才培养模式改革)|639；南京中医药大学10|中医学(拔尖创新人才培养模式改革5+3一体化)|618；南京中医药大学10|中医学(拔尖创新人才培养模式改革5+3一体化,儿科学)|616；南京中医药大学11|中医学|604；南京中医药大学05|中医学|592"
物理,南京中医药大学,南京中医药大学08,26,中医学(为南通市如东县定向培养)(在泰州市泰州校区学习),46,"南京中医药大学09|中医学(拔尖创新人才培养模式改革)|639；南京中医药大学10|中医学(拔尖创新人才培养模式改革5+3一体化)|618；南京中医药大学10|中医学(拔尖创新人才培养模式改革5+3一体化,儿科学)|616；南京中医药大学11|中医学|604；南京中医药大学05|中医学|592"
物理,南京中医药大学,南京中医药大学08,43,中医学(为宿迁市泗阳县定向培养)(在泰州市泰州校区学习),46,"南京中医药大学09|中医学(拔尖创新人才培养模式改革)|639；南京中医药大学10|中医学(拔尖创新人才培养模式改革5+3一体化)|618；南京中医药大学10|中医学(拔尖创新人才培养模式改革5+3一体化,儿科学)|616；南京中医药大学11|中医学|604；南京中医药大学05|中医学|592"
物理,南京中医药大学,南京中医药大学08,40,中医学(为泰州市靖江市定向培养)(在泰州市泰州校区学习),46,"南京中医药大学09|中医学(拔尖创新人才培养模式改革)|639；南京中医药大学10|中医学(拔尖创新人才培养模式改革5+3一体化)|618；南京中医药大学10|中医学(拔尖创新人才培养模式改革5+3一体化,儿科学)|616；南京中医药大学11|中医学|604；南京中医药大学05|中医学|592"
物理,南京中医药大学,南京中医药大学08,35,中医学(为淮安市洪泽区定向培养)(在泰州市泰州校区学习),46,"南京中医药大学09|中医学(拔尖创新人才培养模式改革)|639；南京中医药大学10|中医学(拔尖创新人才培养模式改革5+3一体化)|618；南京中医药大学10|中医学(拔尖创新人才培养模式改革5+3一体化,儿科学)|616；南京中医药大学11|中医学|604；南京中医药大学05|中医学|592"
物理,长春理工大学,长春理工大学06,39,光电信息科学与工程(华光班)(春明湖校区)(工学方向),2,长春理工大学03|光电信息科学与工程(工学)|604；长春理工大学04|光电信息科学与工程(理学)|576
物理,扬州大学,扬州大学48,B3,临床医学(卓越医师创新班),15,扬州大学41|临床医学|583；扬州大学23|临床医学(为盐城市盐都区定向培养)|606；扬州大学23|临床医学(为盐城市响水县定向培养)|605；扬州大学23|临床医学(为扬州市邗江区定向培养)|603；扬州大学23|临床医学(为徐州市沛县定向培养)|597
物理,兰州交通大学,兰州交通大学06,51,车辆工程(拔尖人才培养实验班)(校本部),2,兰州交通大学03|车辆工程(詹天佑班)|597；兰州交通大学03|车辆工程|582
物理,湖南中医药大学,湖南中医药大学02,06,中医学(全科医学方向),2,湖南中医药大学01|中医学(卓越中医班5+3一体化)|596；湖南中医药大学01|中医学|591
物理,西安石油大学,西安石油大学03,18,机械设计制造及其自动化(卓越工程师),2,西安石油大学04|机械设计制造及其自动化(拔尖人才培养)|561；西安石油大学02|机械设计制造及其自动化|558
物理,南京医科大学康达学院,南京医科大学康达学院03,07,预防医学(为南京市六合区定向培养),10,"南京医科大学康达学院06|预防医学(报考该专业有色觉要求,具体请查阅招生章程)|517；南京医科大学康达学院03|预防医学(为盐城市盐都区定向培养)|596；南京医科大学康达学院03|预防医学(为盐城市东台市定向培养)|577；南京医科大学康达学院03|预防医学(为徐州市新沂市定向培养)|570；南京医科大学康达学院03|预防医学(为扬州市广陵区定向培养)|568"
物理,南京医科大学康达学院,南京医科大学康达学院03,09,预防医学(为南通市海安市定向培养),10,"南京医科大学康达学院06|预防医学(报考该专业有色觉要求,具体请查阅招生章程)|517；南京医科大学康达学院03|预防医学(为盐城市盐都区定向培养)|596；南京医科大学康达学院03|预防医学(为盐城市东台市定向培养)|577；南京医科大学康达学院03|预防医学(为徐州市新沂市定向培养)|570；南京医科大学康达学院03|预防医学(为扬州市广陵区定向培养)|568"
物理,南京医科大学康达学院,南京医科大学康达学院03,10,预防医学(为南通市海门区定向培养),10,"南京医科大学康达学院06|预防医学(报考该专业有色觉要求,具体请查阅招生章程)|517；南京医科大学康达学院03|预防医学(为盐城市盐都区定向培养)|596；南京医科大学康达学院03|预防医学(为盐城市东台市定向培养)|577；南京医科大学康达学院03|预防医学(为徐州市新沂市定向培养)|570；南京医科大学康达学院03|预防医学(为扬州市广陵区定向培养)|568"
物理,南京医科大学康达学院,南京医科大学康达学院03,23,预防医学(为宿迁市泗阳县定向培养),10,"南京医科大学康达学院06|预防医学(报考该专业有色觉要求,具体请查阅招生章程)|517；南京医科大学康达学院03|预防医学(为盐城市盐都区定向培养)|596；南京医科大学康达学院03|预防医学(为盐城市东台市定向培养)|577；南京医科大学康达学院03|预防医学(为徐州市新沂市定向培养)|570；南京医科大学康达学院03|预防医学(为扬州市广陵区定向培养)|568"
物理,南京医科大学康达学院,南京医科大学康达学院03,08,预防医学(为徐州市邳州市定向培养),10,"南京医科大学康达学院06|预防医学(报考该专业有色觉要求,具体请查阅招生章程)|517；南京医科大学康达学院03|预防医学(为盐城市盐都区定向培养)|596；南京医科大学康达学院03|预防医学(为盐城市东台市定向培养)|577；南京医科大学康达学院03|预防医学(为徐州市新沂市定向培养)|570；南京医科大学康达学院03|预防医学(为扬州市广陵区定向培养)|568"
物理,南京医科大学康达学院,南京医科大学康达学院03,21,预防医学(为泰州市靖江市定向培养),10,"南京医科大学康达学院06|预防医学(报考该专业有色觉要求,具体请查阅招生章程)|517；南京医科大学康达学院03|预防医学(为盐城市盐都区定向培养)|596；南京医科大学康达学院03|预防医学(为盐城市东台市定向培养)|577；南京医科大学康达学院03|预防医学(为徐州市新沂市定向培养)|570；南京医科大学康达学院03|预防医学(为扬州市广陵区定向培养)|568"
物理,南京医科大学康达学院,南京医科大学康达学院03,18,预防医学(为淮安市洪泽区定向培养),10,"南京医科大学康达学院06|预防医学(报考该专业有色觉要求,具体请查阅招生章程)|517；南京医科大学康达学院03|预防医学(为盐城市盐都区定向培养)|596；南京医科大学康达学院03|预防医学(为盐城市东台市定向培养)|577；南京医科大学康达学院03|预防医学(为徐州市新沂市定向培养)|570；南京医科大学康达学院03|预防医学(为扬州市广陵区定向培养)|568"
物理,南京医科大学康达学院,南京医科大学康达学院03,12,预防医学(为连云港市东海县定向培养),10,"南京医科大学康达学院06|预防医学(报考该专业有色觉要求,具体请查阅招生章程)|517；南京医科大学康达学院03|预防医学(为盐城市盐都区定向培养)|596；南京医科大学康达学院03|预防医学(为盐城市东台市定向培养)|577；南京医科大学康达学院03|预防医学(为徐州市新沂市定向培养)|570；南京医科大学康达学院03|预防医学(为扬州市广陵区定向培养)|568"
物理,南京医科大学康达学院,南京医科大学康达学院03,19,预防医学(为镇江市丹徒区定向培养),10,"南京医科大学康达学院06|预防医学(报考该专业有色觉要求,具体请查阅招生章程)|517；南京医科大学康达学院03|预防医学(为盐城市盐都区定向培养)|596；南京医科大学康达学院03|预防医学(为盐城市东台市定向培养)|577；南京医科大学康达学院03|预防医学(为徐州市新沂市定向培养)|570；南京医科大学康达学院03|预防医学(为扬州市广陵区定向培养)|568"
物理,上海交通大学,上海交通大学04,08,工科试验班类[海洋科学(物理海洋与观测技术)](海洋学院),2,上海交通大学03|工科试验班类(智能医工试点班)(生物医学工程)|675；上海交通大学03|工科试验班类(信息类)[计算机科学与技术(计算机学院)、信息安全(计算机学院)、软件工程(计算机学院)、微电子科学与工程(集成电路学院)、信息工程(集成电路学院)、电子科学与技术(集成电路学院)、自动化(自动化与感知学院)、智能感知工程(自动化与感知学院)、电气工程及其自动化(电气工程学院)]|674
物理,上海交通大学医学院,上海交通大学医学院01,01,临床医学,3,上海交通大学医学院02|临床医学(本博连读)(法语班)|679；上海交通大学医学院02|临床医学(本博连读)|678；上海交通大学医学院02|临床医学(本博连读)(口腔)|678
物理,东华大学,东华大学02,09,环境科学与工程类(新能源与储能技术方向)(建筑环境与能源应用工程、能源与环境系统工程),2,东华大学02|环境科学与工程类(能源)|616；东华大学02|环境科学与工程类(环境)|616
物理,东华大学,东华大学02,08,环境科学与工程类(环境方向)[环境工程(卓越班)、环境科学(智能与资源循环)],2,东华大学02|环境科学与工程类(能源)|616；东华大学02|环境科学与工程类(环境)|616
物理,东南大学,东南大学07,18,工科试验班(吴健雄班)(信息工程等四年制理工科专业),3,东南大学06|工科试验班(信息工程等四年制理工科专业)(吴健雄班)|661；东南大学06|工科试验班(电气工程及其自动化、电动载运工程、新能源科学与工程、能源与动力工程)(智慧能源与电气工程)|657；东南大学06|工科试验班(机器人工程、自动化、智能感知工程、智能车辆工程、测控技术与仪器、机械工程)(智能制造与智能系统)|657
物理,东南大学,东南大学07,14,工科试验班(智慧建造与智能交通)(智慧交通、智能建造、交通工程、交通运输、土木工程、给排水科学与工程、工程管理、城市地下空间工程、道路桥梁与渡河工程),3,东南大学06|工科试验班(信息工程等四年制理工科专业)(吴健雄班)|661；东南大学06|工科试验班(电气工程及其自动化、电动载运工程、新能源科学与工程、能源与动力工程)(智慧能源与电气工程)|657；东南大学06|工科试验班(机器人工程、自动化、智能感知工程、智能车辆工程、测控技术与仪器、机械工程)(智能制造与智能系统)|657
物理,东南大学,东南大学07,12,工科试验班(智慧能源与电气工程)(电气工程及其自动化、电动载运工程、新能源科学与工程、能源与动力工程),3,东南大学06|工科试验班(信息工程等四年制理工科专业)(吴健雄班)|661；东南大学06|工科试验班(电气工程及其自动化、电动载运工程、新能源科学与工程、能源与动力工程)(智慧能源与电气工程)|657；东南大学06|工科试验班(机器人工程、自动化、智能感知工程、智能车辆工程、测控技术与仪器、机械工程)(智能制造与智能系统)|657
物理,东南大学,东南大学07,11,工科试验班(智能制造与智能系统)(机器人工程、自动化、智能感知工程、智能车辆工程、机械工程、测控技术与仪器、医疗器械与装备工程),3,东南大学06|工科试验班(信息工程等四年制理工科专业)(吴健雄班)|661；东南大学06|工科试验班(电气工程及其自动化、电动载运工程、新能源科学与工程、能源与动力工程)(智慧能源与电气工程)|657；东南大学06|工科试验班(机器人工程、自动化、智能感知工程、智能车辆工程、测控技术与仪器、机械工程)(智能制造与智能系统)|657
物理,东南大学,东南大学07,13,工科试验班(物质科学与生态)(材料科学与工程、环境工程、化学工程与工艺、制药工程、化学),3,东南大学06|工科试验班(信息工程等四年制理工科专业)(吴健雄班)|661；东南大学06|工科试验班(电气工程及其自动化、电动载运工程、新能源科学与工程、能源与动力工程)(智慧能源与电气工程)|657；东南大学06|工科试验班(机器人工程、自动化、智能感知工程、智能车辆工程、测控技术与仪器、机械工程)(智能制造与智能系统)|657
物理,东南大学,东南大学09,21,工科试验班(智慧建造与智能交通)(智慧交通、智能建造、交通工程、交通运输、土木工程、给排水科学与工程、工程管理、城市地下空间工程、道路桥梁与渡河工程),3,东南大学06|工科试验班(信息工程等四年制理工科专业)(吴健雄班)|661；东南大学06|工科试验班(电气工程及其自动化、电动载运工程、新能源科学与工程、能源与动力工程)(智慧能源与电气工程)|657；东南大学06|工科试验班(机器人工程、自动化、智能感知工程、智能车辆工程、测控技术与仪器、机械工程)(智能制造与智能系统)|657
物理,中国地质大学(武汉),中国地质大学(武汉)02,11,地质学类(菁英班)(地质学、地球物理学、地球信息科学与技术、海洋科学、地理科学、资源勘查工程、水文与水资源工程、地质工程),2,"中国地质大学(武汉)04|地质学类(地质学)(拔尖计划,理科基地班)|622；中国地质大学(武汉)04|地质学类(地质学、地球物理学、遥感科学与技术)(菁英班)|612"
历史,中国政法大学,中国政法大学01,01,法学,5,中国政法大学02|法学(法学人才培养模式改革实验班)(报考该专业须查阅院校招生章程)|643；中国政法大学02|法学(涉外法治人才培养实验班)(报考该专业须查阅院校招生章程)|642；中国政法大学02|法学(纪检、监察实验班)(报考该专业须查阅院校招生章程)|642；中国政法大学01|法学|635；中国政法大学01|法学(区域国别法学特色班)|634
物理,中国石油大学(华东),中国石油大学(华东)02,04,石油工程[入学后可选拔进入石油工程类(未来)特色班],2,中国石油大学(华东)03|石油工程(菁英班)|622；中国石油大学(华东)03|石油工程|612
物理,中国矿业大学,中国矿业大学03,22,地质类(地质工程、资源勘查工程),2,中国矿业大学04|地质类(地质工程、资源勘查工程)|620；中国矿业大学03|地质类(地质工程、资源勘查工程)(孙越崎特色班)|613
物理,中国矿业大学,中国矿业大学03,16,安全科学与工程类(安全工程、消防工程、职业卫生工程、应急技术与管理),2,中国矿业大学04|安全科学与工程类(安全工程、消防工程、职业卫生工程、应急技术与管理)|615；中国矿业大学03|安全科学与工程类(安全工程、消防工程、职业卫生工程、应急技术与管理)(孙越崎特色班)|615
物理,中国矿业大学,中国矿业大学03,18,测绘类(测绘工程、地理信息科学),2,中国矿业大学04|测绘类(测绘工程、地理信息科学)|617；中国矿业大学03|测绘类(测绘工程、地理信息科学)(孙越崎特色班)|613
物理,中国矿业大学,中国矿业大学03,15,矿业类(智能采矿工程、新能源科学与工程、采矿工程、工业工程),2,中国矿业大学04|矿业类(采矿工程、矿物加工工程、智能采矿工程、工业工程、新能源科学与工程)|615；中国矿业大学03|矿业类(采矿工程、智能采矿工程、新能源科学与工程、工业工程、矿物加工工程)(孙越崎特色班)|615
物理,北京中医药大学,北京中医药大学02,05,"中医学(报考该专业有色觉要求,具体请查阅院校招生章程)(良乡校区)",5,"北京中医药大学03|中医学(领军人才培养计划)(报考该专业有色觉要求,具体请查阅院校招生章程)|643；北京中医药大学03|中医学(5+3一体化)(卓越班)(报考该专业有色觉要求,具体请查阅院校招生章程)|628；北京中医药大学03|中医学(5+3一体化)(卓越中医儿科班)(报考该专业有色觉要求,具体请查阅院校招生章程)|627；北京中医药大学03|中医学(实验班)(报考该专业有色觉要求,具体请查阅院校招生章程)|612；北京中医药大学03|中医学(报考该专业有色觉要求,具体请查阅院校招生章程)|609"
物理,北京化工大学,北京化工大学02,06,工科试验班(生物与医药)(生物工程、生物医学工程、制药工程),6,"北京化工大学03|工科试验班(卓越工程师学院)(报考该专业有色觉要求,具体请查阅院校招生章程)|625；北京化工大学02|工科试验班(高端装备与智能制造)|618；北京化工大学04|工科试验班(宏德书院)(报考该专业有色觉要求,具体请查阅院校招生章程)|627；北京化工大学04|工科试验班(生物制造高精尖班)(报考该专业有色觉要求,具体请查阅院校招生章程)|624；北京化工大学04|工科试验班(先进材料)|616"
物理,北京化工大学,北京化工大学02,05,理科试验班(绿色化学)(应用化学、能源化学、资源化学),2,"北京化工大学02|理科试验班(数学、物理电子与管理)|617；北京化工大学04|理科试验班(绿色化学)(报考该专业有色觉要求,具体请查阅院校招生章程)|614"
历史,北京外国语大学,北京外国语大学01,03,西班牙语,2,北京外国语大学02|西班牙语|619；北京外国语大学02|西班牙语(葡语)|618
历史,北京外国语大学,北京外国语大学02,16,法语(口),2,北京外国语大学02|法语|623；北京外国语大学02|法语(国际关系)|621
物理,北京林业大学,北京林业大学05,13,林学类[林学、林学(城市林业)、森林保护、经济林],2,北京林业大学10|林学类(林学、森林保护)(梁希实验班)|615；北京林业大学10|林学类(含林学、森林保护、经济林等4个专业)|604
物理,北京航空航天大学,北京航空航天大学02,02,工科试验班类(航空航天类)(沙河校区)(含具身智能、智能制造工程、空天智能电推进技术、飞行器动力工程、能源与动力工程等专业),7,北京航空航天大学02|工科试验班类(未来空天领军计划)(含智能飞行器技术、智能感知工程等专业)|668；北京航空航天大学02|工科试验班类(量子科技先锋计划)(含计算机科学与技术、微电子科学与工程等专业)|664；北京航空航天大学02|工科试验班类(未来工程师项目制育人试验班)(含人工智能、低空技术与工程等专业)(沙河校区)|661；北京航空航天大学02|工科试验班类(计算与智能科学类)(含计算机科学与技术、人工智能等专业)|660；北京航空航天大学02|工科试验班类(信息科学与技术类)(含电子信息工程、通信工程等专业)|659
物理,北京航空航天大学,北京航空航天大学02,03,理科试验班类(含数学与应用数学、信息与计算科学、统计学、信息安全等专业)(沙河校区),2,北京航空航天大学02|理科试验班类(中法工程师学院)(含数学与应用数学、信息与计算科学等专业)|659；北京航空航天大学02|理科试验班类(含数学与应用数学、信息与计算科学等专业)(沙河校区)|659
物理,华中科技大学,华中科技大学02,15,计算机类(计算机学院)(计算机科学与技术、数据科学与大数据技术、智能科学与技术)(基础学科拔尖学生培养计划2.0基地),2,华中科技大学02|计算机类(计算机科学与技术、数据科学与大数据技术、智能科学与技术)(计算机学院)(拔尖学生培养基地)|656；华中科技大学02|计算机类(网络空间安全、信息安全、密码科学与技术)(网安学院)|654
物理,华南理工大学,华南理工大学03,14,工科试验班(智能交通与数字建造)(智慧交通、智能建造、土木工程、水务工程、工程力学、船舶与海洋工程),10,华南理工大学05|工科试验班(AI先进技术拔尖班)|653；华南理工大学05|工科试验班(卓越人才班)(其中软件工程第三、四学年学费为16000元/年)|652；华南理工大学06|工科试验班(院士特色班)|650；华南理工大学06|工科试验班(理工交叉创新班)|649；华南理工大学03|工科试验班(AI与低空技术)|649
物理,南京理工大学,南京理工大学02,07,兵器类(含能材料方向)(制药工程、高分子材料与工程),3,南京理工大学02|兵器类(弹药工程与爆炸技术、武器系统与工程)(鼎新创新人才班)|648；南京理工大学02|兵器类(弹药工程与爆炸技术、武器系统与工程)(志道创新人才班)|643；南京理工大学03|兵器类(弹药工程与爆炸技术、武器系统与工程)|642
物理,南京理工大学,南京理工大学02,08,兵器类(智能发射与动力方向)(能源与动力工程、储能科学与工程、武器发射工程),3,南京理工大学02|兵器类(弹药工程与爆炸技术、武器系统与工程)(鼎新创新人才班)|648；南京理工大学02|兵器类(弹药工程与爆炸技术、武器系统与工程)(志道创新人才班)|643；南京理工大学03|兵器类(弹药工程与爆炸技术、武器系统与工程)|642
物理,同济大学,同济大学04,06,工科试验班(土木学院)(土木工程、智能建造),5,"同济大学04|工科试验班(国豪精英班)(所有工科专业任选,详询学校)|663；同济大学04|工科试验班(卓越计划班)(含机器人、工程互联网、智能网联车辆、智慧空间领域,领域内专业任选,详询学校)|658；同济大学04|工科试验班(信息类)(计算机科学与技术、信息安全、数据科学与大数据技术、电气工程及其自动化、自动化、通信工程、人工智能、微电子科学与工程、软件工程)(其中软件工程专业第三、四学年学费为16000元/年)|657；同济大学04|工科试验班(智能化制造与新能源类)(新能源材料与器件、机械设计制造及其自动化、能源与动力工程、智能制造工程、飞行器制造工程、建筑环境与能源应用工程、工业设计)(其中工业设计专业学费为7700元/年)|657；同济大学04|工科试验班(智慧建造与低碳环境类)(土木工程、智能建造、环境工程、给排水科学与工程、环境科学)|657"
物理,同济大学,同济大学04,08,"工科试验班(建筑城规学院)(建筑学、历史建筑保护工程、城乡规划、风景园林、城市设计)(报考该专业有色觉要求,具体请查阅院校招生章程)",5,"同济大学04|工科试验班(国豪精英班)(所有工科专业任选,详询学校)|663；同济大学04|工科试验班(卓越计划班)(含机器人、工程互联网、智能网联车辆、智慧空间领域,领域内专业任选,详询学校)|658；同济大学04|工科试验班(信息类)(计算机科学与技术、信息安全、数据科学与大数据技术、电气工程及其自动化、自动化、通信工程、人工智能、微电子科学与工程、软件工程)(其中软件工程专业第三、四学年学费为16000元/年)|657；同济大学04|工科试验班(智能化制造与新能源类)(新能源材料与器件、机械设计制造及其自动化、能源与动力工程、智能制造工程、飞行器制造工程、建筑环境与能源应用工程、工业设计)(其中工业设计专业学费为7700元/年)|657；同济大学04|工科试验班(智慧建造与低碳环境类)(土木工程、智能建造、环境工程、给排水科学与工程、环境科学)|657"
物理,同济大学,同济大学04,07,"工科试验班(环境学院)(环境工程、环境科学、给排水科学与工程)(报考该专业有色觉要求,具体请查阅院校招生章程)",5,"同济大学04|工科试验班(国豪精英班)(所有工科专业任选,详询学校)|663；同济大学04|工科试验班(卓越计划班)(含机器人、工程互联网、智能网联车辆、智慧空间领域,领域内专业任选,详询学校)|658；同济大学04|工科试验班(信息类)(计算机科学与技术、信息安全、数据科学与大数据技术、电气工程及其自动化、自动化、通信工程、人工智能、微电子科学与工程、软件工程)(其中软件工程专业第三、四学年学费为16000元/年)|657；同济大学04|工科试验班(智能化制造与新能源类)(新能源材料与器件、机械设计制造及其自动化、能源与动力工程、智能制造工程、飞行器制造工程、建筑环境与能源应用工程、工业设计)(其中工业设计专业学费为7700元/年)|657；同济大学04|工科试验班(智慧建造与低碳环境类)(土木工程、智能建造、环境工程、给排水科学与工程、环境科学)|657"
物理,哈尔滨工业大学,哈尔滨工业大学02,03,工科试验班(未来城市)(含城市更新、智能建造、智慧交通等专业)(本专业类内任选专业)(哈尔滨市),5,哈尔滨工业大学08|工科试验班(尖班、港大优学班)(报考该专业须查阅院校官网)|668；哈尔滨工业大学04|工科试验班(院士特色班)|665；哈尔滨工业大学04|工科试验班(未来技术拔尖班)|664；哈尔滨工业大学04|工科试验班(AI加先进技术领军班)|663；哈尔滨工业大学04|工科试验班(AI加先进技术领军班深圳拔尖班)(深圳校区)|663
物理,哈尔滨工业大学,哈尔滨工业大学02,02,工科试验班(未来能源)(含储能科学与工程、能源与动力工程、核工程与核技术等专业)(本专业类内任选专业)(哈尔滨市),5,哈尔滨工业大学08|工科试验班(尖班、港大优学班)(报考该专业须查阅院校官网)|668；哈尔滨工业大学04|工科试验班(院士特色班)|665；哈尔滨工业大学04|工科试验班(未来技术拔尖班)|664；哈尔滨工业大学04|工科试验班(AI加先进技术领军班)|663；哈尔滨工业大学04|工科试验班(AI加先进技术领军班深圳拔尖班)(深圳校区)|663
物理,哈尔滨工业大学(威海),哈尔滨工业大学(威海)01,01,工科试验班(未来城市卓越优才计划)(含智能建造、船舶与海洋工程、生物工程等专业)(威海市)(本专业类内任选专业),4,哈尔滨工业大学(威海)01|工科试验班(机器人与智能装备拔尖班)[第三、四学年在校本部(哈尔滨)培养]|652；哈尔滨工业大学(威海)01|工科试验班(人工智能加先进技术领军班)|650；哈尔滨工业大学(威海)02|工科试验班(理工交叉卓越优才计划)|650；哈尔滨工业大学(威海)02|工科试验班(智能制造卓越优才计划)|648
物理,复旦大学,复旦大学05,26,工科试验班(智能机器人与先进制造创新学院)(智能科学与技术、理论与应用力学、飞行器设计与工程)(含智能机器人与先进制造产教融合班;含飞行器设计与工程+信息与计算科学双学士学位),2,复旦大学04|工科试验班(微电子科学与工程)(集成电路与微纳电子创新学院)[含集成电路产教融合班(融通项目);含微电子科学与工程(集成电路)+信息与计算科学(双学士学位培养项目)]|674；复旦大学04|工科试验班(电子信息科学与技术、通信工程、光电信息科学与工程)(未来信息创新学院)[含未来信息产教融合班(融通项目);含光电信息科学与工程+信息与计算科学(人工智能)(双学士学位培养项目)、通信工程+信息与计算科学(人工智能)(双学士学位培养项目)、电子信息科学与技术+信息与计算科学(人工智能)(双学士学位培养项目)]|672
物理,复旦大学,复旦大学05,28,工科试验班(智能材料与未来能源创新学院)(电子科学与技术、材料科学与工程、新能源科学与工程)(含智能材料与未来能源产教融合班),8,"复旦大学04|工科试验班(微电子科学与工程、人工智能、智能科学与技术、生物医学工程、电子信息科学与技术、电子科学与技术)(相辉学堂香农计划)(融通项目)(含集成电路与微纳电子创新学院、计算与智能创新学院、智能机器人与先进制造创新学院、生物医学工程创新学院、未来信息创新学院、智能材料与能源创新学院,领军人才班)|681；复旦大学04|工科试验班(微电子科学与工程、集成电路科学与工程)(集成电路领军人才班)(融通项目)|680；复旦大学04|工科试验班(人工智能)(计算与智能领军人才班)(融通项目)|676；复旦大学04|工科试验班(电子信息科学与技术)(未来信息领军人才班)(融通项目)(含“光子计划”院士班)|674；复旦大学04|工科试验班(智能科学与技术)(智能机器人与先进制造领军人才班)(融通项目)|672"
物理,复旦大学,复旦大学05,29,工科试验班(未来生物智造)(生物技术),8,"复旦大学04|工科试验班(微电子科学与工程、人工智能、智能科学与技术、生物医学工程、电子信息科学与技术、电子科学与技术)(相辉学堂香农计划)(融通项目)(含集成电路与微纳电子创新学院、计算与智能创新学院、智能机器人与先进制造创新学院、生物医学工程创新学院、未来信息创新学院、智能材料与能源创新学院,领军人才班)|681；复旦大学04|工科试验班(微电子科学与工程、集成电路科学与工程)(集成电路领军人才班)(融通项目)|680；复旦大学04|工科试验班(人工智能)(计算与智能领军人才班)(融通项目)|676；复旦大学04|工科试验班(电子信息科学与技术)(未来信息领军人才班)(融通项目)(含“光子计划”院士班)|674；复旦大学04|工科试验班(智能科学与技术)(智能机器人与先进制造领军人才班)(融通项目)|672"
物理,复旦大学,复旦大学05,27,工科试验班(生物医学工程与技术创新学院)(生物医学工程)[含生物医学工程+信息与计算科学(人工智能方向)双学士学位],2,复旦大学04|工科试验班(微电子科学与工程)(集成电路与微纳电子创新学院)[含集成电路产教融合班(融通项目);含微电子科学与工程(集成电路)+信息与计算科学(双学士学位培养项目)]|674；复旦大学04|工科试验班(电子信息科学与技术、通信工程、光电信息科学与工程)(未来信息创新学院)[含未来信息产教融合班(融通项目);含光电信息科学与工程+信息与计算科学(人工智能)(双学士学位培养项目)、通信工程+信息与计算科学(人工智能)(双学士学位培养项目)、电子信息科学与技术+信息与计算科学(人工智能)(双学士学位培养项目)]|672
物理,武汉大学,武汉大学05,14,大数据管理与应用(大数据管理与应用、信息管理与信息系统、电子商务、图书馆学、档案学、编辑出版学),2,武汉大学05|大数据管理与应用(大数据管理与应用、信息管理与信息系统、电子商务、图书馆学、档案学、编辑出版学)(数字文化自强班)|652；武汉大学05|大数据管理与应用(大数据管理与应用、信息管理与信息系统、电子商务、图书馆学、档案学、编辑出版学)|651
物理,武警警官学院,武警警官学院02,03,作战指挥(机动分队指挥警官)(只招男生)(体检标准:通用标准合格),2,武警警官学院02|作战指挥(机动分队初级指挥警官)(只招男生)(体检标准:通用标准合格)|597；武警警官学院03|作战指挥(武警特种作战初级指挥警官)(只招男生)(体检标准:特种作战岗位合格)|592
物理,武警警官学院,武警警官学院02,05,侦察情报(侦察情报初级指挥与技术警官)(只招男生)(体检标准:通用标准合格),2,武警警官学院02|侦察情报(武警侦察初级指挥警官)(只招男生)(体检标准:通用标准合格)|597；武警警官学院02|侦察情报(执勤分队初级指挥警官)(只招男生)(体检标准:通用标准合格)|597
物理,武警警官学院,武警警官学院02,06,侦察情报(执勤分队指挥警官)(只招男生)(体检标准:通用标准合格),2,武警警官学院02|侦察情报(武警侦察初级指挥警官)(只招男生)(体检标准:通用标准合格)|597；武警警官学院02|侦察情报(执勤分队初级指挥警官)(只招男生)(体检标准:通用标准合格)|597
物理,武警警官学院,武警警官学院03,09,作战指挥(特种作战分队指挥警官)(只招男生)(体检标准:特种作战岗位合格),2,武警警官学院02|作战指挥(机动分队初级指挥警官)(只招男生)(体检标准:通用标准合格)|597；武警警官学院03|作战指挥(武警特种作战初级指挥警官)(只招男生)(体检标准:特种作战岗位合格)|592
物理,江南大学,江南大学08,11,纺织工程,2,江南大学33|纺织工程(先进纺织卓越创新班)|615；江南大学33|纺织工程|612
物理,浙江大学,浙江大学04,14,工科试验班(新质工程)(化学工程与工艺、生物工程、环境科学、环境工程),4,浙江大学02|工科试验班(计算机科学与技术)(竺可桢学院图灵班)|676；浙江大学02|工科试验班[电气工程及其自动化(爱迪生班)、电子信息工程(爱迪生班)、电子科学与技术(香农班)、信息工程(香农班)(EE类)]|674；浙江大学02|工科试验班(计算机科学与技术、信息安全、软件工程、工业设计、光电信息科学与工程、电子科学与技术、微电子科学与工程、信息工程、自动化、生物医学工程)(信息)|672；浙江大学02|工科试验班(机械工程)(智能制造与机器人创新班)|672
物理,浙江大学,浙江大学04,15,工科试验班(智慧能源)(储能科学与工程、过程装备与控制工程、能源与环境系统工程),4,浙江大学02|工科试验班(计算机科学与技术)(竺可桢学院图灵班)|676；浙江大学02|工科试验班[电气工程及其自动化(爱迪生班)、电子信息工程(爱迪生班)、电子科学与技术(香农班)、信息工程(香农班)(EE类)]|674；浙江大学02|工科试验班(计算机科学与技术、信息安全、软件工程、工业设计、光电信息科学与工程、电子科学与技术、微电子科学与工程、信息工程、自动化、生物医学工程)(信息)|672；浙江大学02|工科试验班(机械工程)(智能制造与机器人创新班)|672
物理,浙江大学,浙江大学04,13,工科试验班(智能科学与创新)(人工智能、智能工程与创意设计),4,浙江大学02|工科试验班(计算机科学与技术)(竺可桢学院图灵班)|676；浙江大学02|工科试验班[电气工程及其自动化(爱迪生班)、电子信息工程(爱迪生班)、电子科学与技术(香农班)、信息工程(香农班)(EE类)]|674；浙江大学02|工科试验班(计算机科学与技术、信息安全、软件工程、工业设计、光电信息科学与工程、电子科学与技术、微电子科学与工程、信息工程、自动化、生物医学工程)(信息)|672；浙江大学02|工科试验班(机械工程)(智能制造与机器人创新班)|672
历史,浙江大学,浙江大学02,04,社会科学试验班(公共管理)(行政管理、农林经济管理、劳动与社会保障、土地资源管理),3,浙江大学01|社会科学试验班(经济学、财政学、金融学、国际经济与贸易、教育学、会计学、工商管理、社会学、农林经济管理、行政管理、劳动与社会保障、土地资源管理、法学)(竺可桢学院人文社科实验班)|655；浙江大学01|社会科学试验班(法学)(数字法治卓越班)|653；浙江大学01|社会科学试验班(会计学)(智能财务荣誉项目班)|653
物理,电子科技大学,电子科技大学02,04,电子信息类(信息与通信)(电子信息工程、通信工程、网络工程、物联网工程、信息对抗技术),4,电子科技大学02|电子信息类(成电英才电子与计算机科技创新领军人才计划)|656；电子科技大学02|电子信息类(信息与通信)|653；电子科技大学02|电子信息类(光电集成与光网络)|651；电子科技大学02|电子信息类(智能仪器、智能控制)|651
物理,电子科技大学,电子科技大学02,06,电子信息类(光电集成与光网络)(信息工程、光电信息科学与工程),4,电子科技大学02|电子信息类(成电英才电子与计算机科技创新领军人才计划)|656；电子科技大学02|电子信息类(信息与通信)|653；电子科技大学02|电子信息类(光电集成与光网络)|651；电子科技大学02|电子信息类(智能仪器、智能控制)|651
物理,西安交通大学,西安交通大学05,08,工科试验班(医学电子信息)(生物医学工程),10,西安交通大学03|工科试验班(含计算机科学与技术、自动化、电气工程及其自动化、能源互联网工程、电子科学与技术等11个专业)(越杰计划电类专业预选)|659；西安交通大学03|工科试验班(电气工程及其自动化、能源互联网工程)(电气类)|657；西安交通大学03|工科试验班(计算机科学与技术、网络空间安全、物联网工程)(计算机科学技术类)|656；西安交通大学03|工科试验班(材料科学与工程)(材料创新设计与智能制备国卓班)|656；西安交通大学03|工科试验班(智能感知与仪器)|655
物理,西安交通大学,西安交通大学05,10,工科试验班(智慧人居)(人居环境科学与技术),10,西安交通大学03|工科试验班(含计算机科学与技术、自动化、电气工程及其自动化、能源互联网工程、电子科学与技术等11个专业)(越杰计划电类专业预选)|659；西安交通大学03|工科试验班(电气工程及其自动化、能源互联网工程)(电气类)|657；西安交通大学03|工科试验班(计算机科学与技术、网络空间安全、物联网工程)(计算机科学技术类)|656；西安交通大学03|工科试验班(材料科学与工程)(材料创新设计与智能制备国卓班)|656；西安交通大学03|工科试验班(智能感知与仪器)|655
物理,西安交通大学,西安交通大学05,09,工科试验班(智能过程与装备)[化学工程与工艺(智能化工方向)、化学工程与工艺、过程装备与控制工程],10,西安交通大学03|工科试验班(含计算机科学与技术、自动化、电气工程及其自动化、能源互联网工程、电子科学与技术等11个专业)(越杰计划电类专业预选)|659；西安交通大学03|工科试验班(电气工程及其自动化、能源互联网工程)(电气类)|657；西安交通大学03|工科试验班(计算机科学与技术、网络空间安全、物联网工程)(计算机科学技术类)|656；西安交通大学03|工科试验班(材料科学与工程)(材料创新设计与智能制备国卓班)|656；西安交通大学03|工科试验班(智能感知与仪器)|655
物理,西安交通大学,西安交通大学05,12,理科试验班(生命科学类)[生物技术、生物技术(基础学科卓越计划)],2,西安交通大学03|理科试验班(数学类)|653；西安交通大学03|理科试验班(物理类)|653
物理,西安电子科技大学,西安电子科技大学01,01,"计算机类(计算机科学与技术、软件工程)(其中软件工程专业第三、四学年学费按学分计,每学分不超过400元,总学分不高于80学分)",4,"西安电子科技大学03|计算机类(网络空间安全、人工智能)(创新实验班)|648；西安电子科技大学03|计算机类(计算机科学与技术、软件工程)(其中软件工程专业第三、四学年学费按学分计,每学分不超过400元,总学分不高于80学分)|643；西安电子科技大学03|计算机类(智能)|642；西安电子科技大学03|计算机类(网络安全)|642"
物理,重庆大学,重庆大学03,06,"工科试验班(经济管理类)(金融学、经济学、会计学、工程造价、财务管理、能源经济、信息管理与信息系统、工程管理、工商管理、行政管理、城市管理、市场营销)(沙坪坝校区A校园)(第二学期分流,按照学生意愿在试验班内任选专业)",7,"重庆大学03|工科试验班(卓越计划)(沙坪坝校区)(分流时,按照学生意愿在全校四年制理工科专业中任选)|650；重庆大学04|工科试验班(未来信息)(通信工程、测控技术与仪器、自动化、电子信息工程、机器人工程、集成电路设计与集成系统、智能感知工程)(沙坪坝校区)(第二学期分流,按照学生意愿在试验班内任选专业)|642；重庆大学04|工科试验班(计算机与智能软件)(计算机科学与技术、软件工程、人工智能、数据科学与大数据技术、信息安全)(沙坪坝校区)(第二学期分流,按照学生意愿在试验班内任选专业;其中软件工程、人工智能、数据科学与大数据技术专业第三、四学年每年预交学费标准为15000元)|641；重庆大学04|工科试验班(高端装备与智能制造)(机械设计制造及其自动化、车辆工程、航空航天工程、工程力学、机械电子工程、工业工程)(虎溪校区)(第二学期末分流,按照绩点结合学生意愿在试验班内确定专业)|639；重庆大学04|工科试验班(医工交叉与环化健康)(生物医学工程、应用化学、给排水科学与工程、药学、环境工程、化学工程与工艺、环境生态工程)(虎溪校区)(第二学期末分流,按照绩点结合学生意愿在试验班内确定专业)|638"
物理,长安大学,长安大学03,08,道路桥梁与渡河工程(智能交通双语班)(入学后教学语种为英语)(报考该专业须查阅院校招生章程),2,长安大学04|道路桥梁与渡河工程(国际工程班)(报考该专业须查阅院校招生章程)|608；长安大学04|道路桥梁与渡河工程|605
物理,陆军防化学院,陆军防化学院01,01,作战指挥(防化分队指挥军官)(只招男生)(体检标准:防化岗位合格),2,陆军防化学院01|作战指挥(空军防化分队初级指挥军官)(只招男生)(体检标准:防化岗位合格)|597；陆军防化学院01|作战指挥(防化分队初级指挥军官)(只招男生)(体检标准:防化岗位合格)|597
物理,陆军防化学院,陆军防化学院02,03,辐射防护与核安全(核防护分队指挥与技术军官)(只招女生)(体检标准:防化岗位合格),3,陆军防化学院02|辐射防护与核安全(核防护初级指挥与技术军官)(只招女生)(体检标准:防化岗位合格)|612；陆军防化学院01|辐射防护与核安全(海军核防护初级指挥军官)(只招男生)(体检标准:防化岗位合格)|605；陆军防化学院01|辐射防护与核安全(核防护初级指挥与技术军官)(只招男生)(体检标准:防化岗位合格)|597
