reason,subject,school,group,code,name,from_group,plan25,score25,rank25,before_score25,before_rank25
cross_25_exact_name,物理,清华大学,清华大学05,09,电子信息类(电子信息科学与技术),清华大学04,4,686,126,,
cross_25_exact_name,物理,清华大学,清华大学05,10,自动化类[自动化(含信息管理信息系统)],清华大学04,3,686,126,,
cross_25_exact_name,物理,北京大学,北京大学06,31,信息管理与信息系统,北京大学05,1,686,126,,
cross_25_exact_name,物理,北京大学,北京大学06,29,地球物理学类[地球物理学、地理信息科学(遥感与地理信息系统)、空间科学与技术],北京大学05,2,686,126,,
cross_25_exact_name,物理,北京大学,北京大学06,32,文物保护技术(古建),北京大学05,1,686,126,,
cross_25_exact_name,物理,北京大学,北京大学06,30,环境科学(环境、健康、生态、地理与资源环境),北京大学05,2,686,126,,
cross_25_unique_signature,物理,上海交通大学,上海交通大学06,24,金融学(上海交大港中文Fintech双学士学位项目)[含金融学+金融科技(上海交大-港中文)双学士学位],上海交通大学03,3,673,506,,
cross_25_exact_name,历史,北京大学,北京大学03,08,中国语言文学类(汉语言文学、汉语言、古典文献学、应用语言学),北京大学03,2,679,109,,
cross_25_exact_name,历史,北京大学,北京大学03,09,哲学类(哲学、宗教学),北京大学03,2,668,109,,
cross_25_unique_signature,物理,南京大学,南京大学09,29,工科试验班(未来技术学院)(智能科学与技术、集成电路设计与集成系统、自动化(机器人方向)、碳中和科学与工程、生物医学工程)(鼓楼校区和苏州校区)(该类内分流时专业任选),南京大学07,49,661,1835,,
cross_25_exact_name,物理,南京大学,南京大学09,28,理科试验班(匡亚明学院励行班)(计算机科学与技术、数学与应用数学、物理学、化学等35个理工科专业)(鼓楼校区和仙林校区)(该类内分流时专业任选),南京大学07,32,671,649,,
cross_25_exact_name,物理,南京大学,南京大学12,49,工科试验班(智慧人居实验班)(建筑学、城乡规划)[该专业(类)入学后可转专业],南京大学07,49,661,1835,,
cross_25_exact_name,物理,北京电子科技学院,北京电子科技学院02,02,密码科学与技术(密码人才创新实验班)(只招英语考生)(录取前需政审、面试),北京电子科技学院02,2,659,2209,,
cross_25_exact_name,物理,哈尔滨工业大学(深圳),哈尔滨工业大学(深圳)03,06,工科试验班(自主智能)(人工智能、机器人工程、自动化)(深圳市)(本专业类内任选专业),哈尔滨工业大学(深圳)02,28,658,2414,,
cross_25_exact_name,物理,哈尔滨工业大学(深圳),哈尔滨工业大学(深圳)02,03,"工科试验班(未来城市卓越联培班)(土木工程、环境工程、化学等专业)(第一学年在校本部学习,第二学年起在深圳校区学习)(本专业类内任选专业)",哈尔滨工业大学(深圳)02,28,658,2414,,
cross_25_exact_name,物理,哈尔滨工业大学(深圳),哈尔滨工业大学(深圳)02,02,"工科试验班(未来能源卓越联培班)(材料科学与工程、能源与动力工程、工程力学)(第一学年在校本部学习,第二学年起在深圳校区学习)(本专业类内任选专业)",哈尔滨工业大学(深圳)02,28,658,2414,,
cross_25_exact_name,物理,浙江大学医学院,浙江大学医学院02,05,临床医学,浙江大学医学院01,7,659,2209,,
cross_25_exact_name,物理,西安交通大学,西安交通大学11,25,临床医学(兴庆校区),西安交通大学04,2,645,5985,,
cross_25_exact_name,物理,电子科技大学,电子科技大学03,07,工科试验班(机器人、电气信息、智能制造)(机械设计制造及其自动化、电气工程及其自动化、工业工程、机器人工程、智能电网信息工程),电子科技大学02,10,651,4082,,
cross_25_unique_signature,历史,复旦大学,复旦大学03,05,历史学类(历史学+旅游管理双学士学位),复旦大学03,2,657,125,,
cross_25_unique_signature,历史,复旦大学,复旦大学03,06,哲学类[哲学(含国学方向、科学哲学与逻辑学方向、艺术哲学方向)、宗教学](含哲学博雅班;含哲学+人工智能双学士学位),复旦大学03,2,657,125,,
cross_25_unique_signature,历史,复旦大学,复旦大学03,04,英语(英语、翻译)(含英语-数据语言学博雅班;含英语/翻译+计算机科学与技术双学士学位),复旦大学03,2,662,109,,
cross_25_exact_name,物理,国防科技大学,国防科技大学06,18,大气科学类(战场环境保障、武器研发初级指挥与技术军官)(只招男生)(体检标准:通用标准合格),国防科技大学05,3,647,5310,,
cross_25_exact_name,物理,国防科技大学,国防科技大学06,44,导弹工程(新兴高技术初级技术军官)(只招男生)(体检标准:通用标准合格),国防科技大学05,1,653,3556,,
cross_25_exact_name,物理,国防科技大学,国防科技大学06,33,导航工程(新兴高技术初级技术军官)(只招男生)(体检标准:通用标准合格),国防科技大学05,1,653,3556,,
cross_25_exact_name,物理,国防科技大学,国防科技大学06,42,指挥信息系统工程(指挥信息保障初级技术军官)(只招男生)(体检标准:通用标准合格),国防科技大学08,1,645,5985,,
cross_25_exact_name,物理,国防科技大学,国防科技大学06,36,无人系统指挥与控制(新兴高技术初级技术军官)(只招男生)(体检标准:通用标准合格),国防科技大学05,1,653,3556,,
cross_25_exact_name,物理,国防科技大学,国防科技大学06,27,海洋信息工程(战场环境保障、武器研发初级技术军官)(只招男生)(体检标准:通用标准合格),国防科技大学05,1,649,4675,,
cross_25_exact_name,物理,国防科技大学,国防科技大学08,54,电子科学与技术(通信初级指挥与技术军官)(只招男生)(体检标准:通信导航岗位合格),国防科技大学08,1,651,4082,,
cross_25_exact_name,物理,国防科技大学,国防科技大学07,48,光电信息科学与工程(光电对抗初级指挥与技术军官)(只招男生)(体检标准:电子对抗岗位合格),国防科技大学05,1,669,830,,
cross_25_exact_name,物理,国防科技大学,国防科技大学05,14,管理科学(指挥勤务保障初级技术军官)(只招女生)(体检标准:通用标准合格),国防科技大学04,1,646,5633,,
cross_25_exact_name,物理,国防科技大学,国防科技大学09,56,大气科学类(战场环境保障、武器研发初级指挥与技术军官)(只招女生)(体检标准:通用标准合格),国防科技大学05,3,647,5310,,
cross_25_exact_name,物理,国防科技大学,国防科技大学09,57,物联网工程(新兴高技术初级技术军官)(只招女生)(体检标准:通用标准合格),国防科技大学05,1,648,4973,,
cross_25_exact_name,物理,香港中文大学(深圳),香港中文大学(深圳)04,06,理科试验班[人工智能、大数据管理与应用、电子与计算机工程、数据科学与大数据技术、临床医学(学制六年)、金融工程、数学与应用数学、物理学等25个专业](该专业只招收该校测试合格的考生),香港中文大学(深圳)05,8,646,5633,,
cross_25_exact_name,物理,中国人民公安大学,中国人民公安大学06,22,交通管理工程(只招女生)(面向地方公安机关入警就业),中国人民公安大学05,8,645,5985,,
cross_25_exact_name,物理,中国人民公安大学,中国人民公安大学10,39,犯罪学(只招女生)(面向地方公安机关入警就业),中国人民公安大学08,2,631,12320,,
cross_25_exact_name,历史,同济大学,同济大学02,03,广播电视编导,同济大学01,3,630,1250,,
cross_25_exact_name,物理,南京大学,南京大学07,23,工科试验班(光电信息科学与工程、碳中和科学与工程、生物医学工程、工业工程类、材料类)(鼓楼校区和仙林校区)(其中碳中和科学与工程、生物医学工程在鼓楼校区和苏州校区),南京大学07,49,661,1835,,
cross_25_exact_name,物理,南京大学,南京大学07,26,技术科学试验班[智能科学与技术、集成电路设计与集成系统、自动化(机器人方向)、数字经济](鼓楼校区和苏州校区),南京大学07,174,662,1663,,
cross_25_exact_name,物理,四川大学,四川大学14,45,高分子材料与工程(先进高分子材料工程创新班),四川大学05,6,641,7529,,
cross_25_exact_name,物理,厦门大学,厦门大学07,23,"工科试验班(南强书院卓越领航班)(全校专业任选,实施“一生一方案”一体化培养计划,报考该专业请详询院校)",厦门大学06,5,641,7529,,
cross_25_exact_name,物理,厦门大学,厦门大学07,27,"工科试验班(集成电路与电子信息)(电子信息工程、集成电路设计与集成系统、微电子科学与工程、电子信息科学与技术、通信工程)(分流时本专业类内专业任选,报考该专业须查阅院校招生章程)",厦门大学06,5,641,7529,,
cross_25_exact_name,物理,厦门大学,厦门大学08,35,"工科试验班(AI与计算机)(计算机科学与技术、网络空间安全、人工智能、软件工程)(分流时本专业类内专业任选。入校后可选拔进入人工智能省级拔尖学生培养基地、计算机科学与技术拔尖学生培养基地,报考该专业须查阅院校招生章程)(翔安校区)",厦门大学06,5,641,7529,,
cross_25_exact_name,物理,南京理工大学,南京理工大学04,46,机械类(智能仪器方向)(测控技术与仪器),南京理工大学03,2,642,7121,,
cross_25_exact_name,物理,南京理工大学,南京理工大学05,49,机械工程(中外合作办学),南京理工大学05,35,619,19674,,
cross_25_exact_name,物理,南京理工大学,南京理工大学05,50,材料科学与工程(中外合作办学),南京理工大学05,35,616,21735,,
cross_25_exact_name,物理,中南大学,中南大学11,36,口腔医学(五年制),中南大学05,2,640,7928,,
cross_25_exact_name,物理,中南大学,中南大学07,28,"工科试验班(AI类智慧创新班)(人工智能、机械设计制造及其自动化、土木工程、采矿工程)(“急需人才培养周期缩短路径”改革试点,大类内专业任选)",中南大学02,13,637,9279,,
cross_25_exact_name,物理,中南大学,中南大学07,27,"工科试验班(新材料类大飞机智慧创新班)(粉体材料科学与工程、机械设计制造及其自动化)(“急需人才培养周期缩短路径”改革试点,大类内专业任选)",中南大学02,13,637,9279,,
cross_25_exact_name,物理,中南大学,中南大学07,29,"工科试验班(生物医药类智慧创新班)(生物信息学、药学、生物医学工程)(“急需人才培养周期缩短路径”改革试点,大类内专业任选;录取有体检要求,具体参见学校章程)",中南大学02,13,637,9279,,
cross_25_exact_name,物理,南京航空航天大学,南京航空航天大学06,58,人工智能(拔尖创新班),南京航空航天大学06,16,646,5633,,
cross_25_exact_name,物理,南京航空航天大学,南京航空航天大学06,55,能源与动力工程(拔尖创新班)(南京市将军路校区),南京航空航天大学06,2,645,5985,,
cross_25_exact_name,物理,南京航空航天大学,南京航空航天大学06,57,飞行器适航技术(拔尖创新班),南京航空航天大学06,2,645,5985,,
cross_25_unique_signature,物理,南京航空航天大学,南京航空航天大学07,97,应用物理学(应用物理学+机器人工程双学士学位复合型人才培养项目),南京航空航天大学06,2,645,5985,,
cross_25_exact_name,物理,南京航空航天大学,南京航空航天大学07,71,机器人工程(南京市将军路校区),南京航空航天大学06,2,645,5985,,
cross_25_exact_name,物理,北京科技大学,北京科技大学08,18,"工科试验班类(关键金属提取数智创新班)(冶金工程)(特殊班型,特殊培养政策详见学校本科招生网)",北京科技大学04,8,638,8837,,
cross_25_exact_name,物理,网络空间部队信息工程大学,网络空间部队信息工程大学03,22,测绘工程(测绘技术、时空信息保障初级技术军官)(只招男生)(体检标准:测绘岗位合格),网络空间部队信息工程大学06,1,635,10262,,
cross_25_exact_name,物理,网络空间部队信息工程大学,网络空间部队信息工程大学02,17,密码学(密码技术研发初级指挥军官)(只招男生)(体检标准:通用标准合格),网络空间部队信息工程大学03,1,631,12320,,
cross_25_exact_name,物理,网络空间部队信息工程大学,网络空间部队信息工程大学02,05,水声工程(水下信息感知处理初级指挥与技术军官)(只招男生)(体检标准:通用标准合格),网络空间部队信息工程大学04,2,620,19004,,
cross_25_exact_name,物理,网络空间部队信息工程大学,网络空间部队信息工程大学02,20,认知安全与技术(网络认知安全初级技术军官)(只招男生)(体检标准:通用标准合格),网络空间部队信息工程大学03,2,631,12320,,
cross_25_exact_name,物理,网络空间部队信息工程大学,网络空间部队信息工程大学02,04,通信工程(无线感知处理、通信装备设计初级技术军官)(只招男生)(体检标准:通用标准合格),网络空间部队信息工程大学04,1,630,12829,,
cross_25_exact_name,物理,网络空间部队信息工程大学,网络空间部队信息工程大学04,29,人工智能(智能信息处理、智能装备研发初级技术军官)(只招女生)(体检标准:通用标准合格),网络空间部队信息工程大学03,1,644,6362,,
cross_25_exact_name,物理,网络空间部队信息工程大学,网络空间部队信息工程大学04,32,信息对抗技术(网络防御初级指挥与技术军官)(只招女生)(体检标准:通用标准合格),网络空间部队信息工程大学03,2,635,10262,,
cross_25_exact_name,物理,网络空间部队信息工程大学,网络空间部队信息工程大学04,27,电子信息工程(电子信息处理与分析初级指挥与技术军官)(只招女生)(体检标准:通用标准合格),网络空间部队信息工程大学03,1,635,10262,,
cross_25_exact_name,物理,信息支援部队工程大学,信息支援部队工程大学01,06,指挥信息系统工程(指挥信息系统建设、运用初级指挥与技术军官)(只招男生)(体检标准:通用标准合格),信息支援部队工程大学01,3,634,10750,,
cross_25_exact_name,物理,信息支援部队工程大学,信息支援部队工程大学01,05,数据科学与大数据技术(数据信息技术与应用初级技术军官)(只招男生)(体检标准:通用标准合格),信息支援部队工程大学02,3,631,12320,,
cross_25_exact_name,物理,信息支援部队工程大学,信息支援部队工程大学01,07,数据链工程(数据链设计、开发与组织管理初级技术军官)(只招男生)(体检标准:通用标准合格),信息支援部队工程大学04,1,650,4363,,
cross_25_exact_name,物理,信息支援部队工程大学,信息支援部队工程大学01,01,智能视觉工程(智能视觉系统构建与管理初级指挥与技术军官)(只招男生)(体检标准:通用标准合格),信息支援部队工程大学01,1,635,10262,,
cross_25_exact_name,物理,信息支援部队工程大学,信息支援部队工程大学03,13,电磁频谱工程(电磁频谱管理初级指挥与技术军官)(只招女生)(体检标准:通用标准合格),信息支援部队工程大学02,2,632,11769,,
cross_25_exact_name,物理,吉林大学,吉林大学17,54,仿生科学与工程(仿生智能机器人特色班),吉林大学07,6,626,15099,,
cross_25_exact_name,物理,中国刑事警察学院,中国刑事警察学院07,15,禁毒学(只招男生)(面向地方公安机关入警就业),中国刑事警察学院08,1,614,23214,,
cross_25_exact_name,物理,中国刑事警察学院,中国刑事警察学院08,19,公安情报学(只招女生)(面向地方公安机关入警就业),中国刑事警察学院07,1,624,16379,,
cross_25_exact_name,物理,兰州大学,兰州大学15,51,大气科学,兰州大学04,4,632,11769,,
cross_25_exact_name,物理,兰州大学,兰州大学16,53,核工程与核技术(核聚变科学与工程方向),兰州大学04,2,637,9279,,
cross_25_exact_name,物理,兰州大学,兰州大学16,55,辐射防护与核安全(核医学物理与技术创新班),兰州大学04,3,634,10750,,
cross_25_exact_name,物理,兰州大学,兰州大学17,58,生物科学(生物医药创新班),兰州大学04,4,632,11769,,
cross_25_exact_name,物理,兰州大学,兰州大学10,23,"数学与应用数学(萃英班)(一年级末组织资格审查,不符合条件的转入普通班学习,具体条件详见学校本科招生网)",兰州大学04,2,639,8362,,
cross_25_exact_name,物理,兰州大学,兰州大学10,24,"物理学(萃英班)(一年级末组织资格审查,不符合条件的转入普通班学习,具体条件详见学校本科招生网)",兰州大学04,2,637,9279,,
cross_25_exact_name,物理,兰州大学,兰州大学11,26,"生物科学(萃英班)(一年级末组织资格审查,不符合条件的转入普通班学习,具体条件详见学校本科招生网)",兰州大学04,4,632,11769,,
cross_25_exact_name,历史,南开大学,南开大学02,02,工商管理类(财务管理、工商管理、市场营销、人力资源管理、会计学、旅游管理、会展经济与管理、体育旅游)(本专业大类内专业任选),南开大学02,4,636,828,,
cross_25_exact_name,物理,华北电力大学(保定),华北电力大学(保定)06,25,机械工程(输电线路工程),华北电力大学(保定)03,8,629,13359,,
cross_25_exact_name,物理,华北电力大学(保定),华北电力大学(保定)04,12,电气工程及其自动化(创新班),华北电力大学(保定)03,17,639,8362,,
cross_25_exact_name,历史,香港中文大学(深圳),香港中文大学(深圳)01,01,人文科学试验班(应用心理学、城市管理)(该专业只招收该校测试合格的考生)(大一结束时学生可在人文社科学院的所有专业内选定主修专业),香港中文大学(深圳)02,2,631,1171,,
cross_25_exact_name,历史,香港中文大学(深圳),香港中文大学(深圳)01,02,经济管理试验班(经济学、金融学、市场营销、会计学、国际商务)(该专业只招收该校测试合格的考生)(大一结束时学生可在经管学院的所有专业内选定主修专业),香港中文大学(深圳)02,3,631,1171,,
cross_25_exact_name,物理,河海大学,河海大学07,55,机械工程(产教融合卓越班)(第二学年起在常州校区学习),河海大学07,30,629,13359,,
cross_25_exact_name,物理,河海大学,河海大学07,58,材料科学与工程(产教融合卓越班)(第二学年起在常州校区学习),河海大学07,15,631,12320,,
cross_25_exact_name,物理,河海大学,河海大学07,56,物联网工程(产教融合卓越班)(第二学年起在常州校区学习),河海大学07,95,628,13915,,
cross_25_exact_name,物理,河海大学,河海大学07,57,自动化(产教融合卓越班)(第二学年起在常州校区学习),河海大学07,90,629,13359,,
cross_25_exact_name,物理,华东理工大学,华东理工大学03,44,高分子材料与工程(中外合作办学)(中奥合作创新班)(只录取有专业志愿的考生),华东理工大学03,5,631,12320,,
cross_25_exact_name,历史,中央财经大学,中央财经大学02,10,经济学类(澄明书院)[经济学(数理经济与数理金融)、金融学(国际金融与公司理财)、财政学(财政理论与政策)],中央财经大学01,2,632,1111,,
cross_25_exact_name,物理,华北电力大学(北京),华北电力大学(北京)04,16,电气工程及其自动化(领军人才班),华北电力大学(北京)03,13,637,9279,,
cross_25_exact_name,物理,海军潜艇学院,海军潜艇学院03,06,无人系统指挥与控制(水下无人初级指挥与技术军官)(只招男生)(体检标准:通用标准合格),海军潜艇学院03,3,618,20349,,
cross_25_exact_name,物理,海军潜艇学院,海军潜艇学院01,04,水下特种工程(水下特种工程初级指挥军官)(只招男生)(体检标准:潜艇岗位合格),海军潜艇学院02,3,594,40639,,
cross_25_exact_name,物理,海军潜艇学院,海军潜艇学院02,05,船舶与海洋工程(潜水初级指挥军官)(只招男生)(体检标准:潜水岗位合格),海军潜艇学院02,3,595,39620,,
cross_25_exact_name,物理,海军工程大学,海军工程大学05,25,通信工程(岸海通信、数据链初级指挥与技术军官)(只招女生)(体检标准:通信导航岗位合格),海军工程大学04,1,630,12829,,
cross_25_exact_name,物理,海军工程大学,海军工程大学01,04,数据科学与大数据技术(信息与数据保障初级技术军官)(只招男生)(体检标准:通用标准合格),海军工程大学06,1,654,3281,,
cross_25_exact_name,物理,海军工程大学,海军工程大学01,09,装备经济管理(装备经济管理初级技术军官)(只招男生)(体检标准:通用标准合格),海军工程大学06,1,632,11769,,
cross_25_exact_name,物理,海军工程大学,海军工程大学02,19,军港勤务工程(舰艇军需保障初级指挥军官)(只招男生)(体检标准:舰艇岗位合格),海军工程大学01,2,621,18319,,
cross_25_exact_name,物理,海军工程大学,海军工程大学02,13,能源与动力工程(舰艇机电初级指挥与技术军官)(只招男生)(体检标准:舰艇岗位合格),海军工程大学02,2,620,19004,,
cross_25_exact_name,物理,首都医科大学,首都医科大学02,08,口腔医学,首都医科大学01,1,637,9279,,
cross_25_exact_name,历史,对外经济贸易大学,对外经济贸易大学02,05,外国语言文学类[商务英语(含与金融学、法学、会计学双学士学位项目)、翻译(含与金融学、法学、会计学双学士学位项目)、英语(含与金融学、法学、会计学双学士学位项目)](只招英语考生),对外经济贸易大学02,2,630,1250,,
cross_25_exact_name,物理,哈尔滨工程大学,哈尔滨工程大学16,32,水声工程(钱学森班)(校本部),哈尔滨工程大学04,3,637,9279,,
cross_25_exact_name,物理,海军军医大学,海军军医大学03,13,护理学(护师)(只招女生)(体检标准:医疗卫生岗位合格),海军军医大学06,1,603,32190,,
cross_25_exact_name,物理,海军军医大学,海军军医大学01,01,公共事业管理(医疗卫勤分队指挥军官)(只招男生)(体检标准:医疗卫生岗位合格),海军军医大学01,1,619,19674,,
cross_25_exact_name,历史,吉林大学,吉林大学02,02,社会学类(社会学、社会工作)(前卫南区),吉林大学02,6,617,2644,,
cross_25_exact_name,物理,天津医科大学,天津医科大学03,06,口腔医学,天津医科大学03,2,634,10750,,
cross_25_exact_name,物理,空军工程大学,空军工程大学04,27,大数据管理与应用(全域数据管理运维初级指挥与技术军官)(只招男生)(体检标准:通信导航岗位合格),空军工程大学02,1,623,17028,,
cross_25_exact_name,物理,空军工程大学,空军工程大学04,25,数据链工程(数据链初级指挥与技术军官)(只招男生)(体检标准:通信导航岗位合格),空军工程大学02,2,626,15099,,
cross_25_exact_name,物理,空军工程大学,空军工程大学04,26,电磁频谱工程(电磁频谱初级指挥与技术军官)(只招男生)(体检标准:通信导航岗位合格),空军工程大学02,1,623,17028,,
cross_25_exact_name,物理,空军工程大学,空军工程大学03,12,军事运输投送(航空运输投送初级指挥军官)(只招男生)(体检标准:通用标准合格),空军工程大学05,3,590,44618,,
cross_25_exact_name,物理,空军工程大学,空军工程大学03,06,智能装备与系统(无人智能算法运维初级技术军官)(只招男生)(体检标准:通用标准合格),空军工程大学03,1,625,15713,,
cross_25_exact_name,物理,中国矿业大学,中国矿业大学05,39,机器人工程(孙越崎特色班),中国矿业大学04,16,622,17706,,
cross_25_exact_name,物理,中国矿业大学,中国矿业大学05,42,电气工程及其自动化(孙越崎特色班),中国矿业大学04,67,631,12320,,
cross_25_exact_name,历史,山东大学,山东大学03,03,社会学类(社会学、社会工作、人类学),山东大学02,2,627,1489,,
cross_25_exact_name,物理,南京邮电大学,南京邮电大学07,32,集成电路设计与集成系统(EDA菁英班),南京邮电大学07,129,614,23214,,
cross_25_exact_name,物理,南京邮电大学,南京邮电大学08,45,物联网工程(鸿蒙菁英班),南京邮电大学07,79,610,26330,,
cross_25_exact_name,物理,南京邮电大学,南京邮电大学09,51,自动化(拔尖创新班),南京邮电大学07,116,612,24769,,
cross_25_exact_name,物理,陆军工程大学,陆军工程大学01,11,伪装与防护工程(伪装分队指挥军官)(只招男生)(体检标准:通用标准合格),陆军工程大学02,1,617,21043,,
cross_25_exact_name,物理,陆军工程大学,陆军工程大学01,05,侦察情报[侦察兵分队指挥军官(特种作战侦察)](只招男生)(体检标准:通用标准合格),陆军工程大学02,1,613,23947,,
cross_25_exact_name,物理,陆军工程大学,陆军工程大学01,06,军事设施工程(工程建筑、维护分队指挥与技术军官)(只招男生)(体检标准:通用标准合格),陆军工程大学02,1,618,20349,,
cross_25_exact_name,物理,陆军工程大学,陆军工程大学01,03,无人系统指挥与控制(无人机运用与指挥初级指挥军官)(只招男生)(体检标准:通用标准合格),陆军工程大学02,2,620,19004,,
cross_25_exact_name,物理,陆军工程大学,陆军工程大学01,04,无人系统指挥与控制(无人破障初级指挥军官)(只招男生)(体检标准:通用标准合格),陆军工程大学02,2,620,19004,,
cross_25_exact_name,物理,陆军工程大学,陆军工程大学05,28,数据科学与大数据技术(数据科学与大数据技术初级技术军官)(只招男生)(体检标准:通信导航岗位合格),陆军工程大学06,2,622,17706,,
cross_25_exact_name,物理,陆军工程大学,陆军工程大学06,30,航海技术(卸载转运初级指挥军官)(只招男生)(体检标准:舰艇岗位合格),陆军工程大学08,2,607,28841,,
cross_25_exact_name,物理,陆军工程大学,陆军工程大学06,32,轮机工程(船艇机电部门初级指挥军官)(只招男生)(体检标准:舰艇岗位合格),陆军工程大学08,1,611,25515,,
cross_25_exact_name,物理,陆军工程大学,陆军工程大学03,15,指挥信息系统工程(指挥信息系统工程初级技术军官)(只招男生)(体检标准:通信导航岗位合格),陆军工程大学03,1,628,13915,,
cross_25_exact_name,物理,陆军工程大学,陆军工程大学08,37,新能源科学与工程(电能保障、能源安全防护初级指挥与技术军官)(只招女生)(体检标准:通用标准合格),陆军工程大学05,2,618,20349,,
cross_25_exact_name,历史,中国海洋大学,中国海洋大学02,02,英语(崂山校区),中国海洋大学02,1,616,2784,,
cross_25_exact_name,历史,中国传媒大学,中国传媒大学04,08,广播电视编导(视听编辑),中国传媒大学05,2,618,2510,,
cross_25_exact_name,物理,联勤保障部队工程大学,联勤保障部队工程大学03,13,智能运输工程(无人运输投送分队指挥军官)(只招男生)(体检标准:通用标准合格),联勤保障部队工程大学04,1,611,25515,,
cross_25_exact_name,物理,联勤保障部队工程大学,联勤保障部队工程大学01,02,军需勤务(军需保障初级指挥军官)(只招男生)(体检标准:通用标准合格),联勤保障部队工程大学01,1,608,27965,,
cross_25_exact_name,物理,联勤保障部队工程大学,联勤保障部队工程大学05,17,军事能源工程(油料保障初级指挥与技术军官)(只招女生)(体检标准:油料岗位合格),联勤保障部队工程大学03,1,607,28841,,
cross_25_exact_name,物理,首都师范大学,首都师范大学02,08,电子信息工程(智能感知与具身系统),首都师范大学02,2,607,28841,,
cross_25_exact_name,物理,武汉理工大学,武汉理工大学05,11,土木类(土木工程、建筑环境与能源应用工程、给排水科学与工程、工程管理),武汉理工大学06,22,617,21043,,
cross_25_exact_name,物理,南京师范大学,南京师范大学25,85,财务管理,南京师范大学14,3,601,33985,,
cross_25_exact_name,物理,南京农业大学,南京农业大学08,39,农业智能装备工程(金善宝实验班),南京农业大学04,2,613,23947,,
cross_25_exact_name,物理,南京农业大学,南京农业大学08,34,生物育种科学(金善宝实验班),南京农业大学05,15,607,28841,,
cross_25_exact_name,物理,中国石油大学(华东),中国石油大学(华东)04,28,"新能源科学与工程(菁英班)(含过程装备与控制工程、能源与动力工程、电气工程及其自动化、新能源科学与工程、储能科学与工程,分流时可在上述专业中自由选择)",中国石油大学(华东)03,2,611,25515,,
cross_25_exact_name,物理,火箭军工程大学,火箭军工程大学01,03,侦测工程(遥测、侦测和信息处理初级指挥军官)(只招男生)(体检标准:导弹岗位合格),火箭军工程大学01,1,610,26330,,
cross_25_exact_name,物理,空军预警学院,空军预警学院01,02,侦察情报(情报分析和技术保障初级指挥与技术军官)(只招男生)(体检标准:通用标准合格),空军预警学院03,1,620,19004,,
cross_25_exact_name,物理,南京师范大学,南京师范大学16,68,自动化,南京师范大学30,44,620,19004,,
cross_25_exact_name,物理,南京师范大学,南京师范大学14,51,光电信息科学与工程,南京师范大学30,26,620,19004,,
cross_25_exact_name,历史,大连海事大学,大连海事大学02,06,法学(东北财经大学会计学联培项目),大连海事大学01,3,611,3605,,
cross_25_exact_name,物理,南京警察学院,南京警察学院08,32,警犬技术(只招女生)(面向地方公安机关入警就业),南京警察学院05,3,580,55261,,
cross_25_exact_name,物理,大连海事大学,大连海事大学09,29,"轮机工程(陆上专业)(报考该专业有色觉要求,具体请查阅院校招生章程)",大连海事大学03,4,607,28841,,
cross_25_exact_name,物理,北京林业大学,北京林业大学12,52,生物科学(中药学复合人才拔尖班),北京林业大学08,1,617,21043,,
cross_25_exact_name,物理,大连海事大学,大连海事大学04,09,管理科学与工程类(信息管理与信息系统、大数据管理与应用、电子商务)(校本部),大连海事大学04,3,595,39620,,
cross_25_exact_name,物理,大连海事大学,大连海事大学05,11,机械类[机械设计制造及其自动化、船舶与海洋工程、能源与动力工程、救助与打捞工程(海洋智能装备)],大连海事大学06,4,613,23947,,
cross_25_exact_name,物理,大连海事大学,大连海事大学05,10,计算机类(计算机科学与技术、软件工程、数据科学与大数据技术、网络工程、智能科学与技术),大连海事大学06,14,614,23214,,
cross_25_exact_name,物理,陆军兵种大学,陆军兵种大学01,05,火力指挥与控制工程(弹炮结合分队指挥军官)(只招男生)(体检标准:通用标准合格),陆军兵种大学01,1,606,29638,,
cross_25_exact_name,物理,陆军兵种大学,陆军兵种大学01,06,火力指挥与控制工程(远程火箭炮分队指挥军官)(只招男生)(体检标准:通用标准合格),陆军兵种大学01,1,606,29638,,
cross_25_exact_name,物理,陆军兵种大学,陆军兵种大学01,19,管理科学(炮兵分队指挥军官)(只招男生)(体检标准:通用标准合格),陆军兵种大学02,1,599,35803,,
cross_25_exact_name,物理,陆军兵种大学,陆军兵种大学01,10,雷达工程(防空兵保障分队指挥与技术军官)(只招男生)(体检标准:通用标准合格),陆军兵种大学01,3,601,33985,,
cross_25_exact_name,物理,陆军兵种大学,陆军兵种大学02,23,火力指挥与控制工程(坦克装甲突击分队指挥军官)(只招男生)(体检标准:装甲岗位合格),陆军兵种大学01,1,606,29638,,
cross_25_exact_name,物理,陆军兵种大学,陆军兵种大学02,26,管理科学(装甲步兵分队指挥军官)(只招男生)(体检标准:装甲岗位合格),陆军兵种大学02,1,599,35803,,
cross_25_exact_name,物理,陆军兵种大学,陆军兵种大学02,25,管理科学(装甲步兵分队指挥警官)(只招男生)(体检标准:装甲岗位合格),陆军兵种大学02,1,599,35803,,
cross_25_exact_name,物理,陆军兵种大学,陆军兵种大学06,30,机械工程(炮兵分队指挥军官)(只招男生)(体检标准:通用标准合格),陆军兵种大学04,3,602,33069,,
cross_25_exact_name,物理,陆军兵种大学,陆军兵种大学06,31,电气工程及其自动化(远程火箭炮分队指挥军官)(只招男生)(体检标准:通用标准合格),陆军兵种大学04,1,606,29638,,
cross_25_exact_name,物理,陆军兵种大学,陆军兵种大学07,45,光电信息科学与工程(装甲侦察分队指挥军官)(只招男生)(体检标准:装甲岗位合格),陆军兵种大学04,1,605,30492,,
cross_25_exact_name,物理,陆军兵种大学,陆军兵种大学07,42,材料科学与工程(坦克装甲突击分队指挥军官)(只招男生)(体检标准:装甲岗位合格),陆军兵种大学05,1,601,33985,,
cross_25_exact_name,物理,陆军兵种大学,陆军兵种大学07,41,材料科学与工程(海军陆战队装甲步兵分队指挥军官)(只招男生)(体检标准:装甲岗位合格),陆军兵种大学05,1,601,33985,,
cross_25_exact_name,物理,陆军兵种大学,陆军兵种大学07,40,车辆工程(坦克装甲突击分队指挥军官)(只招男生)(体检标准:装甲岗位合格),陆军兵种大学05,1,603,32190,,
cross_25_exact_name,物理,南京农业大学,南京农业大学06,32,农业智能装备工程,南京农业大学04,2,613,23947,,
cross_25_exact_name,物理,南京农业大学,南京农业大学06,30,农业机械化及其自动化,南京农业大学04,10,614,23214,,
cross_25_exact_name,物理,南京农业大学,南京农业大学06,31,农业电气化,南京农业大学04,8,613,23947,,
cross_25_exact_name,物理,南京农业大学,南京农业大学06,23,"园艺(报考该专业有色觉要求,具体请查阅院校招生章程)",南京农业大学05,3,607,28841,,
cross_25_exact_name,物理,南京农业大学,南京农业大学06,22,环境科学与工程类(环境工程、环境科学、农业资源与环境、生态学),南京农业大学05,5,607,28841,,
cross_25_exact_name,物理,武警工程大学,武警工程大学03,05,应用统计学(执勤分队指挥警官)(只招男生)(体检标准:通用标准合格),武警工程大学03,5,598,36724,,
cross_25_exact_name,物理,武警工程大学,武警工程大学03,13,智能无人系统技术(无人系统初级指挥与技术警官)(只招男生)(体检标准:通用标准合格),武警工程大学03,2,604,31362,,
cross_25_exact_name,物理,武警工程大学,武警工程大学03,12,网络空间安全(执勤分队指挥警官)(只招男生)(体检标准:通用标准合格),武警工程大学04,2,606,29638,,
cross_25_exact_name,物理,武警工程大学,武警工程大学03,08,计算机科学与技术(执勤分队指挥警官)(只招男生)(体检标准:通用标准合格),武警工程大学03,5,603,32190,,
cross_25_exact_name,物理,南京信息工程大学,南京信息工程大学22,44,海洋科学(科教融合拔尖班),南京信息工程大学11,13,597,37720,,
cross_25_exact_name,历史,南京师范大学,南京师范大学04,17,外国语言文学类(俄语、德语、法语、朝鲜语、意大利语、翻译)(只招英语考生),南京师范大学08,18,604,4889,,
cross_25_exact_name,历史,南京师范大学,南京师范大学04,09,经济学,南京师范大学08,17,609,3921,,
cross_25_exact_name,历史,南京师范大学,南京师范大学03,04,历史学类(考古学、文物与博物馆学),南京师范大学08,4,613,3261,,
cross_25_exact_name,历史,南京师范大学,南京师范大学03,03,新闻传播学类(新闻学、广告学、网络与新媒体),南京师范大学08,44,604,4889,,
cross_25_exact_name,历史,苏州大学,苏州大学01,01,新闻学,苏州大学08,39,605,4658,,
cross_25_exact_name,历史,苏州大学,苏州大学02,02,社会学,苏州大学09,25,602,5300,,
cross_25_exact_name,历史,东北财经大学,东北财经大学01,05,会计学(国际会计方向),东北财经大学01,2,610,3741,,
cross_25_exact_name,物理,太原理工大学,太原理工大学05,24,人工智能(试验班),太原理工大学01,2,606,29638,,
cross_25_exact_name,物理,太原理工大学,太原理工大学05,23,电子信息工程(试验班),太原理工大学01,2,601,33985,,
cross_25_exact_name,历史,中央司法警官学院,中央司法警官学院06,15,禁毒学(戒毒方向)(只招女生),中央司法警官学院03,2,589,8707,,
cross_25_exact_name,物理,苏州大学,苏州大学29,59,生物制药,苏州大学36,19,618,20349,,
cross_25_exact_name,物理,苏州大学,苏州大学27,56,城乡规划,苏州大学29,16,601,33985,,
cross_25_exact_name,物理,苏州大学,苏州大学27,55,建筑学,苏州大学29,38,601,33985,,
cross_25_exact_name,物理,苏州大学,苏州大学22,46,化学(师范),苏州大学32,17,613,23947,,
cross_25_exact_name,物理,苏州大学,苏州大学25,50,放射医学,苏州大学35,82,617,21043,,
cross_25_exact_name,物理,南京林业大学,南京林业大学03,24,森林工程,南京林业大学12,4,585,49806,,
cross_25_exact_name,物理,南京林业大学,南京林业大学03,22,给排水科学与工程,南京林业大学12,12,573,63454,,
cross_25_unique_signature,物理,东北林业大学,东北林业大学06,24,"计算机科学与技术(中外合作办学)(海南国际学院)(与澳大利亚悉尼科技大学合作办学)(采取“3+1”培养模式,部分课程以英语授课,建议英语语种考生报考,具体要求详见学校网站介绍)",东北林业大学04,1,591,43570,,
cross_25_exact_name,物理,中国计量大学,中国计量大学03,08,测控技术与仪器(量新学院),中国计量大学03,5,596,38685,,
cross_25_exact_name,物理,中国计量大学,中国计量大学03,09,自动化(量新学院),中国计量大学03,5,593,41599,,
cross_25_exact_name,物理,郑州警察学院,郑州警察学院10,19,侦查学(只招女生)(面向铁路公安机关入警就业),郑州警察学院05,4,576,59905,,
cross_25_exact_name,物理,郑州警察学院,郑州警察学院11,20,治安学(城轨安全与执法方向)(只招男生)(面向地方公安机关入警就业),郑州警察学院05,4,577,58764,,
cross_25_exact_name,物理,郑州警察学院,郑州警察学院12,21,治安学(城轨安全与执法方向)(只招女生)(面向地方公安机关入警就业),郑州警察学院05,4,577,58764,,
cross_25_exact_name,物理,南京信息工程大学,南京信息工程大学12,23,地理空间信息工程,南京信息工程大学11,23,594,40639,,
cross_25_exact_name,物理,陆军步兵学院,陆军步兵学院03,10,指挥信息系统工程(轻高机、空突步兵分队指挥军官)(只招男生)(体检标准:通用标准合格),陆军步兵学院02,1,597,37720,,
cross_25_exact_name,物理,陆军步兵学院,陆军步兵学院06,13,装甲车辆工程(装甲步兵分队指挥军官)(只招男生)(体检标准:装甲岗位合格),陆军步兵学院04,10,595,39620,,
cross_25_unique_signature,历史,南京审计大学,南京审计大学03,04,审计学(与中兴华会计师事务所联合培养),南京审计大学02,15,606,4462,,
cross_25_exact_name,历史,浙江财经大学,浙江财经大学01,03,金融学(文华创新学院),浙江财经大学01,1,589,8707,,
cross_25_exact_name,物理,中国石油大学(北京)克拉玛依校区,中国石油大学(北京)克拉玛依校区02,08,石油工程(数智复合人才实验班),中国石油大学(北京)克拉玛依校区02,5,596,38685,,
cross_25_exact_name,物理,南京航空航天大学,南京航空航天大学04,44,低空技术与工程(常州市天目湖校区)(报考该专业须查阅院校招生章程),南京航空航天大学06,2,645,5985,,
cross_25_unique_signature,物理,南京航空航天大学,南京航空航天大学04,33,信息与计算科学(信息与计算科学+人工智能双学士学位复合型人才培养项目),南京航空航天大学06,6,645,5985,,
cross_25_exact_name,物理,南京航空航天大学,南京航空航天大学04,41,信息安全,南京航空航天大学06,2,645,5985,,
cross_25_exact_name,物理,南京航空航天大学,南京航空航天大学04,37,信息管理与信息系统,南京航空航天大学06,2,645,5985,,
cross_25_exact_name,物理,南京航空航天大学,南京航空航天大学04,16,储能科学与工程(南京市将军路校区),南京航空航天大学06,1,645,5985,,
cross_25_exact_name,物理,南京航空航天大学,南京航空航天大学04,48,光电信息材料与器件,南京航空航天大学06,2,645,5985,,
cross_25_exact_name,物理,南京航空航天大学,南京航空航天大学04,39,光电信息科学与工程(南京市将军路校区),南京航空航天大学06,2,645,5985,,
cross_25_exact_name,物理,南京航空航天大学,南京航空航天大学04,29,增材制造工程,南京航空航天大学06,1,645,5985,,
cross_25_unique_signature,物理,南京航空航天大学,南京航空航天大学04,47,应用物理学(应用物理学+电子信息科学与技术双学士学位复合型人才培养项目),南京航空航天大学06,2,645,5985,,
cross_25_exact_name,物理,南京航空航天大学,南京航空航天大学04,34,应用统计学,南京航空航天大学06,2,645,5985,,
cross_25_exact_name,物理,南京航空航天大学,南京航空航天大学04,49,微电子科学与工程(集成电路设计),南京航空航天大学06,6,645,5985,,
cross_25_exact_name,物理,南京航空航天大学,南京航空航天大学04,43,无人驾驶航空器系统工程(常州市天目湖校区)(报考该专业须查阅院校招生章程),南京航空航天大学06,1,652,3805,,
cross_25_exact_name,物理,南京航空航天大学,南京航空航天大学04,25,智能制造工程(南京市将军路校区),南京航空航天大学06,2,645,5985,,
cross_25_exact_name,物理,南京航空航天大学,南京航空航天大学04,13,智能飞行器技术(南京市将军路校区),南京航空航天大学06,1,645,5985,,
cross_25_exact_name,物理,南京航空航天大学,南京航空航天大学04,26,机器人工程(南京市将军路校区),南京航空航天大学06,2,645,5985,,
cross_25_exact_name,物理,南京航空航天大学,南京航空航天大学04,23,机械工程(南京市将军路校区),南京航空航天大学06,2,645,5985,,
cross_25_exact_name,物理,南京航空航天大学,南京航空航天大学04,27,材料科学与工程,南京航空航天大学06,2,645,5985,,
cross_25_exact_name,物理,南京航空航天大学,南京航空航天大学04,42,物联网工程,南京航空航天大学06,2,645,5985,,
cross_25_exact_name,物理,南京航空航天大学,南京航空航天大学04,14,能源与动力工程(大飞机)(南京市将军路校区),南京航空航天大学06,2,645,5985,,
cross_25_exact_name,物理,南京航空航天大学,南京航空航天大学04,18,自动化,南京航空航天大学06,16,645,5985,,
cross_25_exact_name,物理,南京航空航天大学,南京航空航天大学04,15,车辆工程(智能无人系统)(南京市将军路校区),南京航空航天大学06,1,645,5985,,
cross_25_exact_name,物理,南京航空航天大学,南京航空航天大学04,31,飞行器适航技术,南京航空航天大学06,2,645,5985,,
cross_25_exact_name,物理,西南政法大学,西南政法大学08,20,工商管理类(工商管理、会计学、审计学、电子商务及法律、劳动关系)(两江校区),西南政法大学06,3,601,33985,,
cross_25_exact_name,历史,湖北中医药大学,湖北中医药大学02,12,针灸推拿学(数智国际创新班),湖北中医药大学01,2,588,8976,,
cross_25_exact_name,历史,南京邮电大学,南京邮电大学02,07,财务管理(拔尖创新班)(三牌楼校区),南京邮电大学02,16,591,8106,,
cross_25_exact_name,物理,沈阳药科大学,沈阳药科大学02,13,生物制药(生命基地班),沈阳药科大学01,5,581,54119,,
cross_25_exact_name,物理,江苏大学,江苏大学05,18,医学检验技术,江苏大学24,58,576,59905,,
cross_25_exact_name,物理,江苏大学,江苏大学06,19,制药工程,江苏大学24,4,582,52996,,
cross_25_exact_name,历史,南京邮电大学,南京邮电大学01,02,人力资源管理(三牌楼校区),南京邮电大学02,18,585,9942,,
cross_25_exact_name,历史,南京邮电大学,南京邮电大学01,01,广告学,南京邮电大学02,20,583,10538,,
cross_25_exact_name,物理,南京林业大学,南京林业大学14,91,物联网工程(淮安校区),南京林业大学08,38,604,31362,,
cross_25_exact_name,物理,南京林业大学,南京林业大学15,98,信息与计算科学(淮安校区),南京林业大学08,10,604,31362,,
cross_25_exact_name,物理,南京林业大学,南京林业大学15,95,智能制造工程(淮安校区),南京林业大学09,30,593,41599,,
cross_25_exact_name,物理,南京林业大学,南京林业大学15,96,机器人工程(淮安校区),南京林业大学09,38,593,41599,,
cross_25_exact_name,物理,南京林业大学,南京林业大学15,97,自动化(淮安校区),南京林业大学09,68,595,39620,,
cross_25_exact_name,物理,南京林业大学,南京林业大学05,39,数字经济(淮安校区),南京林业大学05,34,586,48740,,
cross_25_exact_name,历史,南京林业大学,南京林业大学02,16,法学(淮安校区),南京林业大学01,42,591,8106,,
cross_25_exact_name,历史,南京林业大学,南京林业大学02,12,网络与新媒体(淮安校区),南京林业大学01,30,584,10245,,
cross_25_unique_signature,物理,南京审计大学,南京审计大学11,34,审计学(与中兴华会计师事务所联合培养),南京审计大学08,25,608,27965,,
cross_25_exact_name,物理,南京中医药大学,南京中医药大学18,71,药学(在泰州市泰州校区学习),南京中医药大学16,89,573,63454,,
cross_25_exact_name,物理,浙江财经大学,浙江财经大学05,18,经济学(文华创新学院),浙江财经大学03,2,567,70814,,
cross_25_exact_name,历史,郑州警察学院,郑州警察学院02,06,治安学(只招女生)(面向铁路公安机关入警就业),郑州警察学院01,3,573,14117,,
cross_25_exact_name,历史,郑州警察学院,郑州警察学院03,07,治安学(城轨安全与执法方向)(只招男生)(面向地方公安机关入警就业),郑州警察学院01,3,573,14117,,
cross_25_exact_name,历史,郑州警察学院,郑州警察学院04,08,治安学(城轨安全与执法方向)(只招女生)(面向地方公安机关入警就业),郑州警察学院01,3,573,14117,,
cross_25_exact_name,物理,兰州交通大学,兰州交通大学05,47,铁道工程(茅以升班),兰州交通大学03,2,583,51945,,
cross_25_exact_name,物理,兰州交通大学,兰州交通大学06,50,电气工程及其自动化(拔尖人才培养实验班)(校本部),兰州交通大学03,3,590,44618,,
cross_25_exact_name,物理,北京工商大学,北京工商大学02,08,会计学(数字书院实验班),北京工商大学02,5,576,59905,,
cross_25_exact_name,历史,江苏师范大学,江苏师范大学02,08,汉语言文学(敬文书院)(师范),江苏师范大学03,206,575,13339,,
cross_25_exact_name,历史,甘肃政法大学,甘肃政法大学01,09,社会工作,甘肃政法大学01,1,565,17140,,
cross_25_exact_name,物理,南方医科大学,南方医科大学03,19,基础医学(院士创新班),南方医科大学02,2,560,79711,,
cross_25_exact_name,物理,南方医科大学,南方医科大学03,11,预防医学(卓越创新班),南方医科大学02,2,560,79711,,
cross_25_exact_name,物理,南方医科大学,南方医科大学05,22,护理学(卓越班),南方医科大学02,2,555,86192,,
cross_25_exact_name,历史,常州大学,常州大学01,07,金融学(新能源产业数智创新班),常州大学01,64,567,16346,,
cross_25_exact_name,物理,湖北中医药大学,湖北中医药大学06,34,针灸推拿学(数智国际创新班),湖北中医药大学02,2,579,56445,,
cross_25_exact_name,物理,湖北中医药大学,湖北中医药大学09,47,中药学(数智中药创新班),湖北中医药大学03,3,557,83617,,
cross_25_exact_name,物理,湖北中医药大学,湖北中医药大学08,41,护理学(智慧护理远志班),湖北中医药大学03,5,546,98331,,
cross_25_exact_name,历史,江西师范大学,江西师范大学04,17,汉语言文学(师范)(瑶湖校区),江西师范大学05,4,570,15246,,
cross_25_exact_name,物理,湖南中医药大学,湖南中医药大学05,29,"中西医临床医学(慢性病方向)(报考该专业有色觉要求,具体请查阅院校招生章程)",湖南中医药大学04,3,577,58764,,
cross_25_exact_name,物理,湖南中医药大学,湖南中医药大学03,17,中药学(中药种质保护与创制方向),湖南中医药大学03,3,544,101161,,
cross_25_exact_name,物理,湖南中医药大学,湖南中医药大学03,23,护理学(中医智护方向),湖南中医药大学03,2,511,147536,,
cross_25_exact_name,历史,南京工程学院,南京工程学院01,01,市场营销(电力交易创新班),南京工程学院01,34,558,20075,,
cross_25_exact_name,历史,湖南科技大学,湖南科技大学01,11,法学(科技法治班),湖南科技大学01,2,558,20075,,
cross_25_exact_name,物理,西安石油大学,西安石油大学03,16,化学工程与工艺(卓越工程师),西安石油大学03,2,556,84862,,
cross_25_exact_name,物理,西安石油大学,西安石油大学03,15,石油工程(卓越工程师),西安石油大学03,3,577,58764,,
cross_25_exact_name,物理,西安石油大学,西安石油大学04,22,化学工程与工艺(拔尖人才培养),西安石油大学03,2,556,84862,,
cross_25_exact_name,物理,西安石油大学,西安石油大学04,23,测控技术与仪器(拔尖人才培养),西安石油大学04,2,560,79711,,
cross_25_exact_name,物理,西安石油大学,西安石油大学04,20,石油工程(拔尖人才培养),西安石油大学03,3,577,58764,,
cross_25_exact_name,物理,常州大学,常州大学09,48,能源化学工程(低碳能源创新班),常州大学07,148,561,78396,,
cross_25_exact_name,物理,常州大学,常州大学05,24,金融学(新能源产业数智创新班),常州大学04,58,553,88855,,
cross_25_exact_name,物理,常州大学,常州大学14,74,生物工程(合成生物学创新班),常州大学11,91,548,95642,,
cross_25_exact_name,物理,常州大学,常州大学08,43,数据科学与大数据技术(阿里云数智拔尖人才班),常州大学05,132,568,69540,,
cross_25_exact_name,物理,常州大学,常州大学08,44,集成电路设计与集成系统(创新班),常州大学06,120,572,64677,,
cross_25_exact_name,物理,常州大学,常州大学11,60,化学工程与工艺(华罗庚学院拔尖班),常州大学08,216,554,87528,,
cross_25_exact_name,物理,江西师范大学,江西师范大学15,45,数学与应用数学(师范)(瑶湖校区),江西师范大学13,1,580,55261,,
cross_25_exact_name,物理,辽宁石油化工大学,辽宁石油化工大学01,09,自动化(卓越计划班),辽宁石油化工大学01,2,549,94329,,
cross_25_exact_name,历史,吉林警察学院,吉林警察学院01,02,法学(职务犯罪法律实务班)(净月校区)(非公安类招生),吉林警察学院01,8,551,23247,,
cross_25_exact_name,物理,河南理工大学,河南理工大学05,12,土木工程(新能源基础设施实验班),河南理工大学03,2,525,127836,,
cross_25_exact_name,物理,西安工程大学,西安工程大学09,16,纺织工程(未来纺织创新人才班),西安工程大学05,5,540,106680,,
cross_25_exact_name,物理,西安工程大学,西安工程大学13,24,电气工程及其自动化(未来电气创新人才班),西安工程大学09,4,571,65871,,
cross_25_exact_name,物理,北京石油化工学院,北京石油化工学院04,04,化学工程与工艺(卓越工程师班),北京石油化工学院02,2,549,94329,,
cross_25_exact_name,物理,长江大学,长江大学04,27,"石油工程(石油方向与AI智能方向主辅修学位)(第一学年在荆州校区学习,第二学年起在武汉校区学习)",长江大学03,1,578,57591,,
cross_25_exact_name,历史,哈尔滨商业大学,哈尔滨商业大学01,05,法学(国际商事调解方向),哈尔滨商业大学01,2,545,26047,,
cross_25_exact_name,物理,江西农业大学,江西农业大学03,10,教育技术学(AI教育),江西农业大学04,2,538,109484,,
cross_25_exact_name,物理,江西农业大学,江西农业大学07,28,植物保护,江西农业大学05,2,546,98331,,
cross_25_exact_name,物理,苏州工学院,苏州工学院09,61,生物工程(创新班),苏州工学院09,73,525,127836,,
cross_25_exact_name,物理,井冈山大学,井冈山大学05,17,"计算机科学与技术(智能技术)(报考该专业有色觉要求,具体请查阅院校招生章程)",井冈山大学03,6,534,115115,,
cross_25_exact_name,物理,吉林警察学院,吉林警察学院02,05,法学(职务犯罪法律实务班)(非公安类招生),吉林警察学院02,5,530,120767,,
cross_25_exact_name,物理,泰州学院,泰州学院05,44,机械设计制造及其自动化(集萃行本实验班),泰州学院07,100,519,136395,,
cross_25_exact_name,物理,泰州学院,泰州学院05,43,"药学(集萃行本实验班)(报考该专业有色觉要求,具体请查阅院校招生章程)",泰州学院07,80,510,148936,,
cross_25_exact_name,物理,沈阳建筑大学,沈阳建筑大学04,06,电气工程及其自动化(国际本科学术互认课程项目)(主校区),沈阳建筑大学04,1,548,95642,,
cross_25_exact_name,物理,沈阳建筑大学,沈阳建筑大学03,05,工程管理(国际本科学术互认课程项目)(主校区),沈阳建筑大学01,1,543,102526,,
cross_25_exact_name,物理,宿迁学院,宿迁学院05,41,材料科学与工程(集萃创新班),宿迁学院04,71,506,154519,,
cross_25_exact_name,物理,商丘师范学院,商丘师范学院04,28,材料科学与工程(超硬材料),商丘师范学院05,2,504,157259,,
cross_25_exact_name,历史,武汉生物工程学院,武汉生物工程学院01,02,财务管理(智能会计),武汉生物工程学院01,3,498,48630,,
cross_25_exact_name,历史,北京第二外国语学院中瑞酒店管理学院,北京第二外国语学院中瑞酒店管理学院01,02,酒店管理(高端餐饮管理),北京第二外国语学院中瑞酒店管理学院01,2,484,55402,,
cross_25_unique_signature,物理,上海交通大学,上海交通大学04,09,工科试验班类(机械类、海洋工程类、材料科学与工程、航空航天工程、智慧能源工程、可持续能源)(含机械动力类+数学与应用数学、能源与动力工程+化学、船舶与海洋工程+数学与应用数学、材料科学与工程+应用物理学双学士学位),上海交通大学03,33,673,506,,
cross_25_exact_name,物理,上海外国语大学,上海外国语大学07,30,语言学(只招英语考生)(口),上海外国语大学05,2,618,20349,,
cross_25_exact_name,物理,上海大学,上海大学03,06,"材料类[应用化学、冶金工程(含冶金工程+信息管理与信息系统双学士学位)、金属材料工程、无机非金属材料工程、高分子材料与工程、化学工程与工艺、生物工程、生物制药](宝山校区)[高考文化成绩须达特殊类型招生控制线上70分(含),专业分流情况详见院校招生网站](报考该专业有色觉要求,具体请查阅院校招生章程)",上海大学05,6,634,10750,,
cross_25_exact_name,物理,上海财经大学,上海财经大学04,14,"统计学类[统计学(基地班)、经济统计学(金融统计与风险管理)、数据科学](基地班全校选拔,分流时其他类内专业任选)",上海财经大学04,5,643,6732,,
cross_25_exact_name,物理,东北大学,东北大学02,03,经济管理试验班(工业工程、信息管理与信息系统、工商管理、会计学、市场营销、金融学、经济学)(校本部)(该专业部分课程采用英文教材和英语授课),东北大学02,5,625,15713,,
cross_25_exact_name,物理,东北大学,东北大学03,04,工科试验班(矿物加工工程、遥感科学与技术、资源勘查工程、环境工程、安全工程、土木工程)(该专业部分课程采用英文教材和英语授课),东北大学03,4,637,9279,,
cross_25_exact_name,物理,东北大学,东北大学03,05,材料类(材料科学与工程、材料成型及控制工程、材料物理、功能材料),东北大学03,8,635,10262,,
cross_25_exact_name,物理,东华大学,东华大学02,13,"化学类[轻化工程(卓越班)、应用化学](轻化工程含颜色科学与功能实现、绿色染整与生态检测方向;应用化学含精细有机化学品、功能高分子材料、绿色化学工艺及过程方向)(报考该专业有色觉要求,具体请查阅院校招生章程)",东华大学03,8,613,23947,,
cross_25_exact_name,物理,东华大学,东华大学02,11,服装设计与工程(卓越班)(延安路校区),东华大学03,2,613,23947,,
cross_25_exact_name,物理,东华大学,东华大学02,07,机械工程(含机械设计及理论、机械电子工程、机械制造及其自动化方向),东华大学02,13,618,20349,,
cross_25_exact_name,物理,东华大学,东华大学02,15,材料类[高分子材料与工程、无机非金属材料工程、复合材料与工程(卓越班)],东华大学03,8,615,22495,,
cross_25_exact_name,物理,东华大学,东华大学02,12,"生物工程(生物医药方向)(含合成生物学、衰老与重大疾病诊疗方向)(报考该专业有色觉要求,具体请查阅院校招生章程)",东华大学03,3,614,23214,,
cross_25_exact_name,物理,东华大学,东华大学02,06,管理科学与工程类(信息管理与信息系统、电子商务、供应链管理)(延安路校区)(其中信息管理与信息系统、电子商务专业授予工学学士学位),东华大学02,4,618,20349,,
cross_25_exact_name,物理,东南大学,东南大学06,09,经济学类(数智经济与智能管理)(会计学、金融学、经济学、工商管理、国际经济与贸易、物流管理),东南大学07,10,655,3081,,
cross_25_exact_name,物理,东南大学,东南大学07,10,建筑类[建筑学(学制五年)、城乡规划(学制四年)、风景园林(学制四年)],东南大学06,5,657,2618,,
cross_25_exact_name,物理,东南大学,东南大学07,17,生物医学工程类(生物医学工程、智能医学工程、生物信息学、生物科学),东南大学06,4,657,2618,,
cross_25_exact_name,物理,东南大学,东南大学07,16,计算机类(计算机科学与技术、人工智能、网络空间安全、软件工程),东南大学06,45,658,2414,,
cross_25_exact_name,物理,东南大学,东南大学07,15,集成电路设计与集成系统,东南大学06,24,659,2209,,
cross_25_exact_name,物理,东南大学,东南大学08,19,经济学类(数智经济与智能管理)(会计学、金融学、经济学、工商管理、国际经济与贸易、物流管理),东南大学07,10,655,3081,,
cross_25_exact_name,物理,东南大学,东南大学09,20,建筑类[建筑学(学制五年)、城乡规划(学制四年)、风景园林(学制四年)],东南大学06,5,657,2618,,
cross_25_exact_name,物理,东南大学,东南大学09,23,理科试验班(数学与应用数学、信息与计算科学、系统科学与工程、统计学、应用物理学、物理学、工程力学、密码科学与技术),东南大学06,5,657,2618,,
cross_25_exact_name,物理,东南大学,东南大学09,24,理科试验班(数智科学与智慧金融)(信息管理与信息系统、金融工程),东南大学06,5,657,2618,,
cross_25_exact_name,物理,东南大学,东南大学09,22,生物医学工程类(生物医学工程、智能医学工程、生物信息学、生物科学),东南大学06,4,657,2618,,
cross_25_exact_name,历史,中南财经政法大学,中南财经政法大学01,01,工商管理类[工商管理(含商务分析方向、AI应用与管理方向、数智农商管理方向)、市场营销(数智营销方向)、人力资源管理、旅游管理、供应链管理](本专业类内专业任选),中南财经政法大学01,6,611,3605,,
cross_25_exact_name,物理,中国传媒大学,中国传媒大学06,12,计算机科学与技术,中国传媒大学09,3,628,13915,,
cross_25_exact_name,物理,中国地质大学(北京),中国地质大学(北京)02,04,"海洋资源与环境(报考该专业有色觉要求,具体请查阅院校招生章程)",中国地质大学(北京)03,2,599,35803,,
cross_25_exact_name,物理,中国地质大学(武汉),中国地质大学(武汉)02,06,材料类(材料科学与工程、材料化学),中国地质大学(武汉)03,4,604,31362,,
cross_25_exact_name,物理,中国地质大学(武汉),中国地质大学(武汉)02,10,管理科学与工程类(信息管理与信息系统、工程管理),中国地质大学(武汉)03,2,604,31362,,
cross_25_exact_name,物理,中国海洋大学,中国海洋大学07,12,轮机工程(船舶动力系统智慧设计方向)(西海岸校区),中国海洋大学06,3,630,12829,,
cross_25_exact_name,物理,中国海洋大学,中国海洋大学08,13,"海洋技术(崂山校区)(设有海洋技术强基班,入校后可选拔至汪德昭菁英班)",中国海洋大学06,4,632,11769,,
cross_25_exact_name,物理,中国海洋大学,中国海洋大学08,14,港口航道与海岸工程(西海岸校区),中国海洋大学06,3,625,15713,,
cross_25_exact_name,物理,中国石油大学(华东),中国石油大学(华东)02,05,化工与制药类(智能化工)(化工安全工程、化学工程与工艺、能源化学工程)(分流时可自由选择类内专业;入学后可选拔进入智能化工类特色班、能源化工拔尖班、化学拔尖班),中国石油大学(华东)03,6,607,28841,,
cross_25_exact_name,物理,中国矿业大学,中国矿业大学02,14,"公共管理类(行政管理、土地资源管理)(报考该专业有色觉要求,具体请查阅院校招生章程)",中国矿业大学02,4,608,27965,,
cross_25_exact_name,物理,中国矿业大学,中国矿业大学02,12,"工商管理类(会计学、人力资源管理)(报考该专业有色觉要求,具体请查阅院校招生章程)",中国矿业大学02,5,609,27150,,
cross_25_exact_name,物理,中国矿业大学,中国矿业大学02,11,"应急管理(报考该专业有色觉要求,具体请查阅院校招生章程)",中国矿业大学02,7,607,28841,,
cross_25_exact_name,物理,中国矿业大学,中国矿业大学03,23,"化工与制药类(化学工程与工艺、能源化学工程、应用化学)(报考该专业有色觉要求,具体请查阅院校招生章程)",中国矿业大学04,9,619,19674,,
cross_25_exact_name,物理,中国矿业大学,中国矿业大学03,26,地球物理学,中国矿业大学04,4,619,19674,,
cross_25_exact_name,物理,中国矿业大学,中国矿业大学03,17,材料科学与工程,中国矿业大学04,7,616,21735,,
cross_25_exact_name,物理,中国矿业大学,中国矿业大学03,25,水文与水资源工程,中国矿业大学04,3,615,22495,,
cross_25_exact_name,物理,中国矿业大学,中国矿业大学03,27,"环境工程(报考该专业有色觉要求,具体请查阅院校招生章程)",中国矿业大学04,7,617,21043,,
cross_25_exact_name,物理,中国科学技术大学,中国科学技术大学01,01,化学类(化学、材料物理、材料化学、高分子材料与工程),中国科学技术大学01,2,669,830,,
cross_25_exact_name,物理,中国科学院大学,中国科学院大学01,13,人工智能,中国科学院大学02,1,673,506,,
cross_25_exact_name,物理,中国科学院大学,中国科学院大学01,03,化学,中国科学院大学02,1,670,728,,
cross_25_exact_name,物理,中国科学院大学,中国科学院大学01,01,数学与应用数学(华罗庚数学实验班),中国科学院大学02,1,670,728,,
cross_25_exact_name,物理,中国科学院大学,中国科学院大学01,02,物理学,中国科学院大学02,1,671,649,,
cross_25_exact_name,物理,中国科学院大学,中国科学院大学01,17,环境科学,中国科学院大学02,1,669,830,,
cross_25_exact_name,物理,中国科学院大学,中国科学院大学01,15,网络空间安全,中国科学院大学02,1,674,443,,
cross_25_exact_name,物理,中国科学院大学,中国科学院大学01,14,计算机科学与技术,中国科学院大学02,1,672,570,,
cross_25_exact_name,物理,中国药科大学,中国药科大学02,03,"中药学类(中药学、中药资源与开发、中药制药)(报考该专业有色觉要求,具体请查阅院校招生章程)",中国药科大学02,18,621,18319,,
cross_25_exact_name,物理,中国药科大学,中国药科大学02,06,"化工与制药类(制药工程、食品营养与健康、环境科学)(报考该专业有色觉要求,具体请查阅院校招生章程)",中国药科大学02,4,621,18319,,
cross_25_exact_name,物理,中国药科大学,中国药科大学02,04,"生物技术(报考该专业有色觉要求,具体请查阅院校招生章程)",中国药科大学04,9,616,21735,,
cross_25_exact_name,物理,中山大学,中山大学03,10,"药学(广州校区东校园)(报考该专业有色觉要求,具体请查阅院校招生章程)",中山大学04,2,648,4973,,
cross_25_exact_name,历史,中山大学,中山大学01,01,外国语言文学类(英语、阿拉伯语、西班牙语、朝鲜语、俄语)(珠海校区),中山大学01,2,633,1032,,
cross_25_exact_name,历史,云南大学,云南大学01,01,马克思主义理论(呈贡校区),云南大学02,1,602,5300,,
cross_25_exact_name,历史,兰州大学,兰州大学01,02,哲学,兰州大学01,3,609,3921,,
cross_25_exact_name,历史,兰州大学,兰州大学01,01,德语(中欧交流德英双语方向),兰州大学01,2,609,3921,,
cross_25_exact_name,物理,北京外国语大学,北京外国语大学06,30,日语,北京外国语大学06,1,627,14487,,
cross_25_exact_name,物理,北京外国语大学,北京外国语大学06,31,日语(高级翻译),北京外国语大学06,1,627,14487,,
cross_25_exact_name,物理,北京外国语大学,北京外国语大学06,29,阿拉伯语,北京外国语大学06,1,630,12829,,
cross_25_exact_name,历史,北京外国语大学,北京外国语大学01,02,德语,北京外国语大学02,2,622,2030,,
cross_25_exact_name,历史,北京外国语大学,北京外国语大学01,11,意大利语,北京外国语大学02,1,619,2383,,
cross_25_exact_name,历史,北京外国语大学,北京外国语大学01,05,日语(日本研究),北京外国语大学02,1,623,1928,,
cross_25_exact_name,历史,北京外国语大学,北京外国语大学01,06,日语(高级翻译),北京外国语大学02,1,623,1928,,
cross_25_exact_name,物理,北京林业大学,北京林业大学05,14,车辆工程,北京林业大学07,2,611,25515,,
cross_25_exact_name,物理,北京科技大学,北京科技大学02,04,冶金工程(低碳智慧冶金和战略金属提取)(特殊培养政策详见学校本科招生网),北京科技大学03,4,634,10750,,
cross_25_exact_name,物理,华东师范大学,华东师范大学05,26,化学,华东师范大学05,2,646,5633,,
cross_25_exact_name,物理,华东师范大学,华东师范大学05,29,地理信息科学,华东师范大学05,2,646,5633,,
cross_25_exact_name,物理,华东师范大学,华东师范大学05,24,心理学类(心理学、应用心理学)(普陀校区),华东师范大学05,2,647,5310,,
cross_25_exact_name,物理,华东师范大学,华东师范大学05,25,物理学,华东师范大学05,4,646,5633,,
cross_25_exact_name,物理,华东师范大学,华东师范大学05,27,生物科学类(生物科学、生物技术),华东师范大学05,2,647,5310,,
cross_25_exact_name,历史,华东师范大学,华东师范大学01,04,工商管理类(工商管理、会计学)(普陀校区),华东师范大学01,2,636,828,,
cross_25_exact_name,历史,华东师范大学,华东师范大学01,05,社会学类(社会学、社会工作),华东师范大学01,2,632,1111,,
cross_25_exact_name,历史,华东师范大学,华东师范大学01,06,行政管理(普陀校区),华东师范大学01,2,633,1032,,
cross_25_exact_name,历史,华东师范大学,华东师范大学02,07,政治学与行政学(闵行校区),华东师范大学03,1,633,1032,,
cross_25_exact_name,历史,华东师范大学,华东师范大学02,08,马克思主义理论(闵行校区),华东师范大学03,1,632,1111,,
cross_25_exact_name,物理,华中农业大学,华中农业大学02,07,农业工程类[农业机械化及其自动化(国家卓越工程师计划)、能源与动力工程],华中农业大学03,2,605,30492,,
cross_25_exact_name,物理,华中农业大学,华中农业大学02,08,机械类(机械设计制造及其自动化、机械电子工程、自动化、机器人工程),华中农业大学03,3,605,30492,,
cross_25_exact_name,物理,华中农业大学,华中农业大学02,09,食品科学与工程类[食品科学与工程(国家卓越工程师计划)、食品质量与安全、食品营养与健康],华中农业大学03,3,604,31362,,
cross_25_exact_name,物理,华中师范大学,华中师范大学06,12,金融学类[金融工程(数智金融实验班)、数字经济],华中师范大学06,5,600,34888,,
cross_25_exact_name,物理,华北电力大学(保定),华北电力大学(保定)02,07,测控技术与仪器,华北电力大学(保定)03,1,632,11769,,
cross_25_exact_name,物理,华北电力大学(保定),华北电力大学(保定)02,08,能源与动力工程,华北电力大学(保定)03,8,634,10750,,
cross_25_exact_name,物理,华北电力大学(保定),华北电力大学(保定)02,06,计算机科学与技术,华北电力大学(保定)03,4,633,11248,,
cross_25_exact_name,物理,华北电力大学(保定),华北电力大学(保定)02,05,通信工程,华北电力大学(保定)03,3,636,9765,,
cross_25_exact_name,物理,华北电力大学(北京),华北电力大学(北京)02,09,核工程与核技术,华北电力大学(北京)03,7,625,15713,,
cross_25_exact_name,物理,华北电力大学(北京),华北电力大学(北京)02,10,水利水电工程,华北电力大学(北京)03,1,627,14487,,
cross_25_exact_name,物理,华北电力大学(北京),华北电力大学(北京)02,06,电子信息工程,华北电力大学(北京)03,2,633,11248,,
cross_25_exact_name,物理,华北电力大学(北京),华北电力大学(北京)02,08,能源动力类(新能源科学与工程、新能源材料与器件)(新能源),华北电力大学(北京)03,7,627,14487,,
cross_25_exact_name,物理,华北电力大学(北京),华北电力大学(北京)02,07,自动化,华北电力大学(北京)03,4,627,14487,,
cross_25_exact_name,历史,南京农业大学,南京农业大学01,02,"工商管理类(工商管理、市场营销)(报考该专业有色觉要求,具体请查阅院校招生章程)",南京农业大学01,26,595,7023,,
cross_25_exact_name,历史,南京农业大学,南京农业大学01,05,文化遗产,南京农业大学01,8,599,6031,,
cross_25_exact_name,历史,南京农业大学,南京农业大学01,04,日语,南京农业大学01,5,595,7023,,
cross_25_exact_name,历史,南京农业大学,南京农业大学01,03,英语(只招英语考生),南京农业大学01,8,596,6765,,
cross_25_exact_name,历史,南京农业大学,南京农业大学01,01,风景园林,南京农业大学01,15,595,7023,,
cross_25_exact_name,物理,厦门大学,厦门大学04,16,物理学类(物理学、天文学)(分流时本专业类内专业任选。入校后可选拔进入萨本栋物理学国家级拔尖学生培养基地、天文学拔尖学生培养基地)(思明校区),厦门大学07,5,641,7529,,
cross_25_exact_name,物理,吉林大学,吉林大学08,16,勘查技术与工程(按大类招生)(含勘查技术与工程、地球物理学、地理信息科学、测绘工程)(类内专业分流任选)(100%按照学生意愿分流)(前卫南区),吉林大学07,2,628,13915,,
cross_25_exact_name,物理,吉林大学,吉林大学08,17,药学(前卫南区),吉林大学07,3,626,15099,,
cross_25_exact_name,物理,哈尔滨工程大学,哈尔滨工程大学04,08,"大数据管理与应用(报考该专业有色觉要求,具体请查阅院校招生章程)",哈尔滨工程大学04,1,637,9279,,
cross_25_exact_name,物理,哈尔滨工程大学,哈尔滨工程大学04,10,新能源材料与器件,哈尔滨工程大学04,2,637,9279,,
cross_25_exact_name,物理,哈尔滨工程大学,哈尔滨工程大学04,09,材料科学与工程,哈尔滨工程大学16,1,639,8362,,
cross_25_exact_name,物理,复旦大学,复旦大学05,20,经济管理试验班(统计、运筹与AI)[统计学、财务管理、信息管理与信息系统(商业AI应用、AI系统开发)、会计学、市场营销、工商管理(战略管理、国际经营、人力资源)、管理科学(智能决策、智慧供应链)][含管理科学与商业智能卓研博英班;含财务管理(金融与财务)+人工智能、市场营销+人工智能双学士学位],复旦大学04,1,673,506,,
cross_25_exact_name,物理,复旦大学,复旦大学05,19,金融科技(全英文课程班),复旦大学04,1,672,570,,
cross_25_unique_signature,物理,复旦大学医学院,复旦大学医学院01,02,公共事业管理(含公共事业管理拔尖班、菁英班;含公共事业管理+人工智能、公共事业管理+预防医学双学士学位),复旦大学医学院02,1,657,2618,,
cross_25_unique_signature,物理,复旦大学医学院,复旦大学医学院01,03,药学(含创新药物转化、药品监管科学方向)(含药学拔尖班、药学产教融合班;含药学+人工智能、药学+经济学双学士学位),复旦大学医学院02,4,661,1835,,
cross_25_unique_signature,物理,复旦大学医学院,复旦大学医学院01,01,预防医学(含预防医学拔尖班;含预防医学+人工智能、预防医学+公共事业管理双学士学位),复旦大学医学院02,4,658,2414,,
cross_25_exact_name,物理,天津大学,天津大学03,04,"理科试验班(地球系统工程类)(北洋园校区)(地理科学)(含地理科学卓越领军班)(报考该专业有色觉要求,具体请查阅院校招生章程)",天津大学02,12,647,5310,,
cross_25_exact_name,物理,山东大学,山东大学06,15,智能建造与智慧交通,山东大学04,7,638,8837,,
cross_25_exact_name,物理,山东大学,山东大学06,16,药学类[药学、临床药学(五年制)],山东大学07,2,637,9279,,
cross_25_exact_name,物理,广西大学,广西大学01,01,电气工程及其自动化,广西大学01,5,607,28841,,
cross_25_exact_name,物理,武汉大学,武汉大学06,16,智慧城市与空间规划[智慧城市与空间规划、地理信息科学(时空智能方向)、地理科学(弘毅班)],武汉大学06,4,653,3556,,
cross_25_exact_name,物理,武警警官学院,武警警官学院02,04,无人系统指挥与控制(机动分队指挥警官)(只招男生)(体检标准:通用标准合格),武警警官学院02,5,598,36724,,
cross_25_exact_name,物理,武警警官学院,武警警官学院02,02,法学(机动分队指挥警官)(只招男生)(体检标准:通用标准合格),武警警官学院02,7,596,38685,,
cross_25_exact_name,物理,武警警官学院,武警警官学院02,07,目标保障(机动分队指挥警官)(只招男生)(体检标准:通用标准合格),武警警官学院02,3,596,38685,,
cross_25_exact_name,物理,武警警官学院,武警警官学院02,08,管理科学(机动分队指挥警官)(只招男生)(体检标准:通用标准合格),武警警官学院02,4,596,38685,,
cross_25_exact_name,物理,武警警官学院,武警警官学院04,10,指挥信息系统工程(执勤分队指挥警官)(只招男生)(体检标准:通用标准合格),武警警官学院04,8,597,37720,,
cross_25_exact_name,历史,武警警官学院,武警警官学院01,01,民族学(机动分队指挥警官)(只招男生)(体检标准:通用标准合格),武警警官学院01,2,600,5796,,
cross_25_exact_name,物理,江南大学,江南大学08,13,包装工程,江南大学22,2,617,21043,,
cross_25_exact_name,物理,江南大学,江南大学08,14,机械工程,江南大学22,37,617,21043,,
cross_25_exact_name,物理,江南大学,江南大学08,12,轻化工程,江南大学35,4,615,22495,,
cross_25_exact_name,物理,河海大学,河海大学04,19,交通工程,河海大学05,2,638,8837,,
cross_25_exact_name,物理,河海大学,河海大学04,27,农业水利工程,河海大学05,2,638,8837,,
cross_25_exact_name,物理,河海大学,河海大学04,18,土木工程,河海大学05,2,638,8837,,
cross_25_exact_name,物理,河海大学,河海大学04,26,地质工程,河海大学05,2,638,8837,,
cross_25_exact_name,物理,河海大学,河海大学04,24,应用物理学,河海大学05,2,638,8837,,
cross_25_exact_name,物理,河海大学,河海大学04,30,数学类(数学与应用数学、信息与计算科学),河海大学05,3,638,8837,,
cross_25_exact_name,物理,河海大学,河海大学04,34,"新能源科学与工程(第一学年在南京相应校区学习,第二学年起在常州校区学习)",河海大学07,65,628,13915,,
cross_25_exact_name,物理,河海大学,河海大学04,14,智慧水利,河海大学05,2,638,8837,,
cross_25_exact_name,物理,河海大学,河海大学04,31,"机械工程(第一学年在南京相应校区学习,第二学年起在常州校区学习)",河海大学07,30,629,13359,,
cross_25_exact_name,物理,河海大学,河海大学04,35,"材料科学与工程(第一学年在南京相应校区学习,第二学年起在常州校区学习)",河海大学07,15,631,12320,,
cross_25_exact_name,物理,河海大学,河海大学04,28,海洋科学,河海大学05,2,638,8837,,
cross_25_exact_name,物理,河海大学,河海大学04,32,"物联网工程(第一学年在南京相应校区学习,第二学年起在常州校区学习)",河海大学07,95,628,13915,,
cross_25_exact_name,物理,河海大学,河海大学04,21,环境工程,河海大学05,2,638,8837,,
cross_25_exact_name,物理,河海大学,河海大学04,22,能源与动力工程,河海大学05,6,638,8837,,
cross_25_exact_name,物理,河海大学,河海大学04,33,"自动化(第一学年在南京相应校区学习,第二学年起在常州校区学习)",河海大学07,90,629,13359,,
cross_25_exact_name,物理,河海大学,河海大学04,23,软件工程,河海大学05,14,640,7928,,
cross_25_exact_name,历史,浙江大学,浙江大学02,02,人文科学试验班(历史、哲学与数智文物)(哲学、历史学、文物与博物馆学、考古学),浙江大学01,12,642,540,,
cross_25_unique_signature,历史,浙江大学,浙江大学02,03,"社会科学试验班(经管类,含双学士学位项目)(经济学、财政学、金融学、国际经济与贸易、会计学、工商管理)[含数字金融(金融学+数学与应用数学)双学士学位项目]",浙江大学01,9,646,381,,
cross_25_exact_name,物理,深圳北理莫斯科大学,深圳北理莫斯科大学03,14,"电子与计算机工程(中外合作办学)(报考该专业有色觉要求,详询院校)",深圳北理莫斯科大学04,2,578,57591,,
cross_25_exact_name,物理,湖南大学,湖南大学04,09,"化学类(含化学、应用化学、化学生物学,本专业类内分流任选;化学入选教育部“101计划”,拥有国家拔尖计划2.0基地等国家级教学基地;高考成绩要求见学校招生章程)",湖南大学06,3,639,8362,,
cross_25_exact_name,物理,电子科技大学,电子科技大学02,05,工科试验班(电子工程类)(电子科学与技术、电磁场与无线技术),电子科技大学02,10,651,4082,,
cross_25_exact_name,物理,福州大学,福州大学02,04,"高分子材料与工程(第一学年在福州市铜盘校区学习,第二学年起在福州市旗山校区学习)(报考该专业有色觉要求,具体请查阅院校招生章程)",福州大学03,4,614,23214,,
cross_25_exact_name,物理,西北农林科技大学,西北农林科技大学02,05,"园艺(园艺类)(报考该专业有色觉要求,具体请查阅院校招生章程)",西北农林科技大学04,5,608,27965,,
cross_25_exact_name,物理,西北大学,西北大学04,11,食品科学与工程(太白校区),西北大学04,2,606,29638,,
cross_25_exact_name,物理,西北工业大学,西北工业大学03,05,"数学类(数学与交叉科学试验班)(数学与应用数学、信息与计算科学、统计学)(专业分流时,100%类内专业任选)",西北工业大学03,5,650,4363,,
cross_25_exact_name,物理,西南交通大学,西南交通大学03,09,建筑类(城乡规划、风景园林)(犀浦校区),西南交通大学03,3,619,19674,,
cross_25_exact_name,物理,西南大学,西南大学06,17,公共管理类(行政管理、文化产业管理、社会工作),西南大学04,1,600,34888,,
cross_25_exact_name,物理,西南大学,西南大学07,18,食品科学与工程类(食品科学与工程、食品质量与安全),西南大学07,2,609,27150,,
cross_25_exact_name,历史,西南大学,西南大学01,01,公共管理类(行政管理、文化产业管理、社会工作),西南大学01,1,601,5558,,
cross_25_exact_name,物理,西南财经大学,西南财经大学04,13,经济与贸易类[国际商务(双语实验班)、国际经济与贸易(双语实验班)],西南财经大学03,2,615,22495,,
cross_25_exact_name,物理,西安交通大学,西安交通大学04,07,经济学类[经济学、经济统计学、财政学、金融学(数智金融方向)、金融工程、国际经济与贸易、贸易经济、电子商务](兴庆校区),西安交通大学02,7,648,4973,,
cross_25_exact_name,物理,西安交通大学,西安交通大学06,13,医学试验班(医学类)(基础医学、法医学、预防医学)(兴庆校区),西安交通大学04,10,644,6362,,
cross_25_exact_name,历史,西安交通大学,西安交通大学01,01,外国语言文学类(语言数据复合人才培养)[英语(语言数据方向)、英语(英德方向)],西安交通大学01,3,630,1250,,
cross_25_exact_name,物理,西安电子科技大学,西安电子科技大学01,02,自动化类(智能制造及智能测控)(机械设计制造及其自动化、工业设计、电子封装技术、电气工程及其自动化、自动化、测控技术与仪器、机器人工程),西安电子科技大学03,10,642,7121,,
cross_25_exact_name,物理,长安大学,长安大学03,12,土木类(绿色建造与智慧能源)(土木工程、建筑环境与能源应用工程、给排水科学与工程)(本专业类内分流任选),长安大学04,8,604,31362,,
cross_25_exact_name,物理,长安大学,长安大学03,11,地质学类(地质学、资源勘查工程、矿物加工工程、碳储科学与工程)(本专业类内分流任选),长安大学04,4,605,30492,,
cross_25_exact_name,物理,长安大学,长安大学03,07,机械类(智能制造)(智能制造工程、机械设计制造及其自动化、机械电子工程)(南校区)(本专业类内分流任选),长安大学04,6,613,23947,,
cross_25_exact_name,物理,长安大学,长安大学03,13,电气工程及其自动化,长安大学04,2,617,21043,,
cross_25_exact_name,历史,陆军步兵学院,陆军步兵学院01,01,汉语言文学(边防分队指挥军官)(只招男生)(体检标准:通用标准合格),陆军步兵学院01,1,612,3431,,
cross_25_exact_name,历史,陆军步兵学院,陆军步兵学院02,02,汉语言文学(边防分队指挥军官)(只招女生)(体检标准:通用标准合格),陆军步兵学院01,1,612,3431,,
cross_25_unique_signature,物理,陕西师范大学,陕西师范大学04,08,物理学类[物理学(师范)、物理学(恒元班)、电子信息科学与技术、物理学(中科科创班)](雁塔校区),陕西师范大学04,2,602,33069,,
cross_25_unique_signature,物理,陕西师范大学,陕西师范大学04,09,"生物科学类[生物科学(师范)、生物科学(理科基地班)、生物技术(哲民班)](雁塔校区)(报考该专业有色觉要求,具体请查阅院校招生章程)",陕西师范大学04,5,599,35803,,
cross_25_unique_signature,历史,陕西师范大学,陕西师范大学01,01,历史学类[历史学(师范)、历史学(新文科班)、古典文献学、文物与博物馆学、世界史](长安校区),陕西师范大学01,3,605,4658,,
